matrix,system,use_case,variant,latency,throughput,congestion,max_link_util,algorithm,topology,topology_params,inferred_pattern,total_traffic_gb,strategy,communication_cost,cost_reduction,num_physical_nodes,scheduler,makespan,energy_kwh,avg_power_kw,utilization,jobs_completed,avg_queue_length,total_nodes,scenario,compute_power_mw,total_power_mw,pue,active_nodes,power_per_node_kw
comd_correct_n8_20260120_231003,lassen,adaptive_routing,minimal,3.751532231424,10.558896797315404,0.04209228650666667,0.18383579648,minimal,fat-tree,k=4,sparse-random,0.75420492,,,,,,,,,,,,,,,,,,
comd_correct_n8_20260120_231003,lassen,adaptive_routing,ecmp,3.751532231424,10.558896797315404,0.04209228650666667,0.18383579648,ecmp,fat-tree,k=4,sparse-random,0.75420492,,,,,,,,,,,,,,,,,,
comd_correct_n8_20260120_231003,lassen,node_placement,contiguous,,,,,,fat-tree,,,,contiguous,1508409840.0,0.0,4608.0,,,,,,,,,,,,,,
comd_correct_n8_20260120_231003,lassen,node_placement,random,,,,,,fat-tree,,,,random,1508409840.0,0.0,4608.0,,,,,,,,,,,,,,
comd_correct_n8_20260120_231003,lassen,node_placement,locality,,,,,,fat-tree,,,,locality,1508409840.0,0.0,4608.0,,,,,,,,,,,,,,
comd_correct_n8_20260120_231003,lassen,node_placement,spectral,,,,,,fat-tree,,,,spectral,1508409840.0,0.0,4608.0,,,,,,,,,,,,,,
comd_correct_n8_20260120_231003,lassen,scheduling,fcfs,,,,,,,,,,,,,,fcfs,3000.0,1410.192,1692.2304,75.0,30.0,5.0,4608.0,,,,,,
comd_correct_n8_20260120_231003,lassen,scheduling,backfill,,,,,,,,,,,,,,backfill,2700.0,1180.330704,1573.774272,76.0,30.0,4.5,4608.0,,,,,,
comd_correct_n8_20260120_231003,lassen,scheduling,multitenant,,,,,,,,,,,,,,multitenant,2760.0,1232.5078079999998,1607.6188799999998,75.8,30.0,4.6000000000000005,4608.0,,,,,,
comd_correct_n8_20260120_231003,lassen,power,baseline,,,,,,,,,,,,,,,,,,0.7,,,4608.0,baseline,3.613854375,4.6980106875,1.3,3225.0,1.120575
comd_correct_n8_20260120_231003,lassen,power,power_cap,,,,,,,,,,,,,,,,,,0.7,,,4608.0,power_cap,3.613854375,4.6980106875,1.3,3225.0,1.120575
comd_correct_n8_20260120_231003,lassen,power,frequency_scaling,,,,,,,,,,,,,,,,,,0.7,,,4608.0,frequency_scaling,3.3893967937499996,4.4062158318749995,1.3,3225.0,1.0509757499999999
comd_correct_n8_20260120_231003,lassen,power,job_packing,,,,,,,,,,,,,,,,,,0.7,,,4608.0,job_packing,3.493276605,4.541259586500001,1.3,3225.0,1.0831865441860467
comd_correct_n8_20260120_231003,frontier,adaptive_routing,minimal,3.5257837392902567,22.89549428605948,0.007366782654358975,0.09191789824,minimal,dragonfly,"d=4,a=2,p=4",sparse-random,0.75420492,,,,,,,,,,,,,,,,,,
comd_correct_n8_20260120_231003,frontier,adaptive_routing,ugal,4.029467130617436,22.89549428605948,0.007366782654358975,0.09191789824,ugal,dragonfly,"d=4,a=2,p=4",sparse-random,0.75420492,,,,,,,,,,,,,,,,,,
comd_correct_n8_20260120_231003,frontier,adaptive_routing,valiant,5.036833913271796,22.89549428605948,0.007366782654358975,0.09191789824,valiant,dragonfly,"d=4,a=2,p=4",sparse-random,0.75420492,,,,,,,,,,,,,,,,,,
comd_correct_n8_20260120_231003,frontier,node_placement,contiguous,,,,,,dragonfly,,,,contiguous,754204920.0,0.0,9472.0,,,,,,,,,,,,,,
comd_correct_n8_20260120_231003,frontier,node_placement,random,,,,,,dragonfly,,,,random,754204920.0,0.0,9472.0,,,,,,,,,,,,,,
comd_correct_n8_20260120_231003,frontier,node_placement,locality,,,,,,dragonfly,,,,locality,754204920.0,0.0,9472.0,,,,,,,,,,,,,,
comd_correct_n8_20260120_231003,frontier,node_placement,spectral,,,,,,dragonfly,,,,spectral,754204920.0,0.0,9472.0,,,,,,,,,,,,,,
comd_correct_n8_20260120_231003,frontier,scheduling,fcfs,,,,,,,,,,,,,,fcfs,3000.0,4602.602666666666,5523.123199999999,75.0,30.0,5.0,9472.0,,,,,,
comd_correct_n8_20260120_231003,frontier,scheduling,backfill,,,,,,,,,,,,,,backfill,1.0,2.0295899513416464,7306.5238248299265,0.0,0.0,0.0,9472.0,,,,,,
comd_correct_n8_20260120_231003,frontier,scheduling,multitenant,,,,,,,,,,,,,,multitenant,3600.0,7306.523824829668,7306.523824829668,0.0,0.0,0.0,9472.0,,,,,,
comd_correct_n8_20260120_231003,frontier,power,baseline,,,,,,,,,,,,,,,,,,0.7,,,9472.0,baseline,12.574458,15.089349599999998,1.2,6630.0,1.8965999999999998
comd_correct_n8_20260120_231003,frontier,power,power_cap,,,,,,,,,,,,,,,,,,0.7,,,9472.0,power_cap,12.574458,15.089349599999998,1.2,6630.0,1.8965999999999998
comd_correct_n8_20260120_231003,frontier,power,frequency_scaling,,,,,,,,,,,,,,,,,,0.7,,,9472.0,frequency_scaling,11.706498179999997,14.047797815999996,1.2,6630.0,1.7656859999999996
comd_correct_n8_20260120_231003,frontier,power,job_packing,,,,,,,,,,,,,,,,,,0.7,,,9472.0,job_packing,12.2605054,14.712606479999998,1.2,6630.0,1.8492466666666667
comd_n64_dense_20260121_214717,lassen,adaptive_routing,minimal,4.050215803306667,10.122061324028568,0.012553950826666667,0.23492632576,minimal,fat-tree,k=8,stencil-3d,1.733217584,,,,,,,,,,,,,,,,,,
comd_n64_dense_20260121_214717,lassen,adaptive_routing,ecmp,4.050215803306667,10.122061324028568,0.012553950826666667,0.23492632576,ecmp,fat-tree,k=8,stencil-3d,1.733217584,,,,,,,,,,,,,,,,,,
comd_n64_dense_20260121_214717,lassen,node_placement,contiguous,,,,,,fat-tree,,,,contiguous,3466435168.0,0.0,4608.0,,,,,,,,,,,,,,
comd_n64_dense_20260121_214717,lassen,node_placement,random,,,,,,fat-tree,,,,random,3466435168.0,0.0,4608.0,,,,,,,,,,,,,,
comd_n64_dense_20260121_214717,lassen,node_placement,locality,,,,,,fat-tree,,,,locality,3466435168.0,0.0,4608.0,,,,,,,,,,,,,,
comd_n64_dense_20260121_214717,lassen,node_placement,spectral,,,,,,fat-tree,,,,spectral,3466435168.0,0.0,4608.0,,,,,,,,,,,,,,
comd_n64_dense_20260121_214717,lassen,scheduling,fcfs,,,,,,,,,,,,,,fcfs,1.0,0.7721016888888916,2779.56608000001,0.0,0.0,0.0,4608.0,,,,,,
comd_n64_dense_20260121_214717,lassen,scheduling,backfill,,,,,,,,,,,,,,backfill,1.0,0.7721016888888916,2779.56608000001,0.0,0.0,0.0,4608.0,,,,,,
comd_n64_dense_20260121_214717,lassen,scheduling,multitenant,,,,,,,,,,,,,,multitenant,3600.0,2779.566080000105,2779.566080000105,0.0,0.0,0.0,4608.0,,,,,,
comd_n64_dense_20260121_214717,lassen,power,baseline,,,,,,,,,,,,,,,,,,0.7,,,4608.0,baseline,3.613854375,4.6980106875,1.3,3225.0,1.120575
comd_n64_dense_20260121_214717,lassen,power,power_cap,,,,,,,,,,,,,,,,,,0.7,,,4608.0,power_cap,3.613854375,4.6980106875,1.3,3225.0,1.120575
comd_n64_dense_20260121_214717,lassen,power,frequency_scaling,,,,,,,,,,,,,,,,,,0.7,,,4608.0,frequency_scaling,3.3893967937499996,4.4062158318749995,1.3,3225.0,1.0509757499999999
comd_n64_dense_20260121_214717,lassen,power,job_packing,,,,,,,,,,,,,,,,,,0.7,,,4608.0,job_packing,3.493276605,4.541259586500001,1.3,3225.0,1.0831865441860467
comd_n64_dense_20260121_214717,frontier,adaptive_routing,minimal,3.5605183438605126,24.335060005283502,0.01729095538871795,0.02732436224,minimal,dragonfly,"d=4,a=2,p=4",stencil-3d,1.733217584,,,,,,,,,,,,,,,,,,
comd_n64_dense_20260121_214717,frontier,adaptive_routing,ugal,4.069163821554872,24.335060005283502,0.01729095538871795,0.02732436224,ugal,dragonfly,"d=4,a=2,p=4",stencil-3d,1.733217584,,,,,,,,,,,,,,,,,,
comd_n64_dense_20260121_214717,frontier,adaptive_routing,valiant,5.08680771134359,24.335060005283502,0.017361542268717948,0.02732436224,valiant,dragonfly,"d=4,a=2,p=4",stencil-3d,1.733217584,,,,,,,,,,,,,,,,,,
comd_n64_dense_20260121_214717,frontier,node_placement,contiguous,,,,,,dragonfly,,,,contiguous,1733217584.0,0.0,9472.0,,,,,,,,,,,,,,
comd_n64_dense_20260121_214717,frontier,node_placement,random,,,,,,dragonfly,,,,random,1733217584.0,0.0,9472.0,,,,,,,,,,,,,,
comd_n64_dense_20260121_214717,frontier,node_placement,locality,,,,,,dragonfly,,,,locality,1733217584.0,0.0,9472.0,,,,,,,,,,,,,,
comd_n64_dense_20260121_214717,frontier,node_placement,spectral,,,,,,dragonfly,,,,spectral,1733217584.0,0.0,9472.0,,,,,,,,,,,,,,
comd_n64_dense_20260121_214717,frontier,scheduling,fcfs,,,,,,,,,,,,,,fcfs,1.0,2.0295899513416464,7306.5238248299265,0.0,0.0,0.0,9472.0,,,,,,
comd_n64_dense_20260121_214717,frontier,scheduling,backfill,,,,,,,,,,,,,,backfill,1.0,2.0295899513416464,7306.5238248299265,0.0,0.0,0.0,9472.0,,,,,,
comd_n64_dense_20260121_214717,frontier,scheduling,multitenant,,,,,,,,,,,,,,multitenant,3600.0,7306.523824829668,7306.523824829668,0.0,0.0,0.0,9472.0,,,,,,
comd_n64_dense_20260121_214717,frontier,power,baseline,,,,,,,,,,,,,,,,,,0.7,,,9472.0,baseline,12.574458,15.089349599999998,1.2,6630.0,1.8965999999999998
comd_n64_dense_20260121_214717,frontier,power,power_cap,,,,,,,,,,,,,,,,,,0.7,,,9472.0,power_cap,12.574458,15.089349599999998,1.2,6630.0,1.8965999999999998
comd_n64_dense_20260121_214717,frontier,power,frequency_scaling,,,,,,,,,,,,,,,,,,0.7,,,9472.0,frequency_scaling,11.706498179999997,14.047797815999996,1.2,6630.0,1.7656859999999996
comd_n64_dense_20260121_214717,frontier,power,job_packing,,,,,,,,,,,,,,,,,,0.7,,,9472.0,job_packing,12.2605054,14.712606479999998,1.2,6630.0,1.8492466666666667
comd_n64_scaled_20260121_214308,lassen,adaptive_routing,minimal,4.050215803306667,10.122061324028568,0.012553950826666667,0.23492632576,minimal,fat-tree,k=8,stencil-3d,1.733217584,,,,,,,,,,,,,,,,,,
comd_n64_scaled_20260121_214308,lassen,adaptive_routing,ecmp,4.050215803306667,10.122061324028568,0.012553950826666667,0.23492632576,ecmp,fat-tree,k=8,stencil-3d,1.733217584,,,,,,,,,,,,,,,,,,
comd_n64_scaled_20260121_214308,lassen,node_placement,contiguous,,,,,,fat-tree,,,,contiguous,3466435168.0,0.0,4608.0,,,,,,,,,,,,,,
comd_n64_scaled_20260121_214308,lassen,node_placement,random,,,,,,fat-tree,,,,random,3466435168.0,0.0,4608.0,,,,,,,,,,,,,,
comd_n64_scaled_20260121_214308,lassen,node_placement,locality,,,,,,fat-tree,,,,locality,3466435168.0,0.0,4608.0,,,,,,,,,,,,,,
comd_n64_scaled_20260121_214308,lassen,node_placement,spectral,,,,,,fat-tree,,,,spectral,3466435168.0,0.0,4608.0,,,,,,,,,,,,,,
comd_n64_scaled_20260121_214308,lassen,scheduling,fcfs,,,,,,,,,,,,,,fcfs,1.0,0.7721016888888916,2779.56608000001,0.0,0.0,0.0,4608.0,,,,,,
comd_n64_scaled_20260121_214308,lassen,scheduling,backfill,,,,,,,,,,,,,,backfill,1.0,0.7721016888888916,2779.56608000001,0.0,0.0,0.0,4608.0,,,,,,
comd_n64_scaled_20260121_214308,lassen,scheduling,multitenant,,,,,,,,,,,,,,multitenant,3600.0,2779.566080000105,2779.566080000105,0.0,0.0,0.0,4608.0,,,,,,
comd_n64_scaled_20260121_214308,lassen,power,baseline,,,,,,,,,,,,,,,,,,0.7,,,4608.0,baseline,3.613854375,4.6980106875,1.3,3225.0,1.120575
comd_n64_scaled_20260121_214308,lassen,power,power_cap,,,,,,,,,,,,,,,,,,0.7,,,4608.0,power_cap,3.613854375,4.6980106875,1.3,3225.0,1.120575
comd_n64_scaled_20260121_214308,lassen,power,frequency_scaling,,,,,,,,,,,,,,,,,,0.7,,,4608.0,frequency_scaling,3.3893967937499996,4.4062158318749995,1.3,3225.0,1.0509757499999999
comd_n64_scaled_20260121_214308,lassen,power,job_packing,,,,,,,,,,,,,,,,,,0.7,,,4608.0,job_packing,3.493276605,4.541259586500001,1.3,3225.0,1.0831865441860467
comd_n64_scaled_20260121_214308,frontier,adaptive_routing,minimal,3.5605183438605126,24.335060005283502,0.01729095538871795,0.02732436224,minimal,dragonfly,"d=4,a=2,p=4",stencil-3d,1.733217584,,,,,,,,,,,,,,,,,,
comd_n64_scaled_20260121_214308,frontier,adaptive_routing,ugal,4.069163821554872,24.335060005283502,0.01729095538871795,0.02732436224,ugal,dragonfly,"d=4,a=2,p=4",stencil-3d,1.733217584,,,,,,,,,,,,,,,,,,
comd_n64_scaled_20260121_214308,frontier,adaptive_routing,valiant,5.08680771134359,24.335060005283502,0.017361542268717948,0.02732436224,valiant,dragonfly,"d=4,a=2,p=4",stencil-3d,1.733217584,,,,,,,,,,,,,,,,,,
comd_n64_scaled_20260121_214308,frontier,node_placement,contiguous,,,,,,dragonfly,,,,contiguous,1733217584.0,0.0,9472.0,,,,,,,,,,,,,,
comd_n64_scaled_20260121_214308,frontier,node_placement,random,,,,,,dragonfly,,,,random,1733217584.0,0.0,9472.0,,,,,,,,,,,,,,
comd_n64_scaled_20260121_214308,frontier,node_placement,locality,,,,,,dragonfly,,,,locality,1733217584.0,0.0,9472.0,,,,,,,,,,,,,,
comd_n64_scaled_20260121_214308,frontier,node_placement,spectral,,,,,,dragonfly,,,,spectral,1733217584.0,0.0,9472.0,,,,,,,,,,,,,,
comd_n64_scaled_20260121_214308,frontier,scheduling,fcfs,,,,,,,,,,,,,,fcfs,1.0,2.0295899513416464,7306.5238248299265,0.0,0.0,0.0,9472.0,,,,,,
comd_n64_scaled_20260121_214308,frontier,scheduling,backfill,,,,,,,,,,,,,,backfill,1.0,2.0295899513416464,7306.5238248299265,0.0,0.0,0.0,9472.0,,,,,,
comd_n64_scaled_20260121_214308,frontier,scheduling,multitenant,,,,,,,,,,,,,,multitenant,3600.0,7306.523824829668,7306.523824829668,0.0,0.0,0.0,9472.0,,,,,,
comd_n64_scaled_20260121_214308,frontier,power,baseline,,,,,,,,,,,,,,,,,,0.7,,,9472.0,baseline,12.574458,15.089349599999998,1.2,6630.0,1.8965999999999998
comd_n64_scaled_20260121_214308,frontier,power,power_cap,,,,,,,,,,,,,,,,,,0.7,,,9472.0,power_cap,12.574458,15.089349599999998,1.2,6630.0,1.8965999999999998
comd_n64_scaled_20260121_214308,frontier,power,frequency_scaling,,,,,,,,,,,,,,,,,,0.7,,,9472.0,frequency_scaling,11.706498179999997,14.047797815999996,1.2,6630.0,1.7656859999999996
comd_n64_scaled_20260121_214308,frontier,power,job_packing,,,,,,,,,,,,,,,,,,0.7,,,9472.0,job_packing,12.2605054,14.712606479999998,1.2,6630.0,1.8492466666666667
cosp2_n128_sparse_20260121_215534,lassen,adaptive_routing,minimal,4.200003406692352,12.499946496229013,8.111172266666667e-07,4.28032e-06,minimal,fat-tree,k=10,sparse-random,0.000386864,,,,,,,,,,,,,,,,,,
cosp2_n128_sparse_20260121_215534,lassen,adaptive_routing,ecmp,4.200003406692352,12.499946496229013,8.111172266666667e-07,4.28032e-06,ecmp,fat-tree,k=10,sparse-random,0.000386864,,,,,,,,,,,,,,,,,,
cosp2_n128_sparse_20260121_215534,lassen,node_placement,contiguous,,,,,,fat-tree,,,,contiguous,773728.0,0.0,4608.0,,,,,,,,,,,,,,
cosp2_n128_sparse_20260121_215534,lassen,node_placement,random,,,,,,fat-tree,,,,random,773728.0,0.0,4608.0,,,,,,,,,,,,,,
cosp2_n128_sparse_20260121_215534,lassen,node_placement,locality,,,,,,fat-tree,,,,locality,773728.0,0.0,4608.0,,,,,,,,,,,,,,
cosp2_n128_sparse_20260121_215534,lassen,node_placement,spectral,,,,,,fat-tree,,,,spectral,773728.0,0.0,4608.0,,,,,,,,,,,,,,
cosp2_n128_sparse_20260121_215534,lassen,scheduling,fcfs,,,,,,,,,,,,,,fcfs,1.0,0.7721016888888916,2779.56608000001,0.0,0.0,0.0,4608.0,,,,,,
cosp2_n128_sparse_20260121_215534,lassen,scheduling,backfill,,,,,,,,,,,,,,backfill,1.0,0.7721016888888916,2779.56608000001,0.0,0.0,0.0,4608.0,,,,,,
cosp2_n128_sparse_20260121_215534,lassen,scheduling,multitenant,,,,,,,,,,,,,,multitenant,3600.0,2779.566080000105,2779.566080000105,0.0,0.0,0.0,4608.0,,,,,,
cosp2_n128_sparse_20260121_215534,lassen,power,baseline,,,,,,,,,,,,,,,,,,0.7,,,4608.0,baseline,3.613854375,4.6980106875,1.3,3225.0,1.120575
cosp2_n128_sparse_20260121_215534,lassen,power,power_cap,,,,,,,,,,,,,,,,,,0.7,,,4608.0,power_cap,3.613854375,4.6980106875,1.3,3225.0,1.120575
cosp2_n128_sparse_20260121_215534,lassen,power,frequency_scaling,,,,,,,,,,,,,,,,,,0.7,,,4608.0,frequency_scaling,3.3893967937499996,4.4062158318749995,1.3,3225.0,1.0509757499999999
cosp2_n128_sparse_20260121_215534,lassen,power,job_packing,,,,,,,,,,,,,,,,,,0.7,,,4608.0,job_packing,3.493276605,4.541259586500001,1.3,3225.0,1.0831865441860467
cosp2_n128_sparse_20260121_215534,frontier,adaptive_routing,minimal,3.5000025802913686,24.999946496114507,7.372261052631578e-07,2.14016e-06,minimal,dragonfly,"d=8,a=4,p=4",sparse-random,0.000386864,,,,,,,,,,,,,,,,,,
cosp2_n128_sparse_20260121_215534,frontier,adaptive_routing,ugal,4.000002948904421,24.999946496114507,7.372261052631578e-07,2.14016e-06,ugal,dragonfly,"d=8,a=4,p=4",sparse-random,0.000386864,,,,,,,,,,,,,,,,,,
cosp2_n128_sparse_20260121_215534,frontier,adaptive_routing,valiant,5.000003686130526,24.999946496114507,7.372261052631578e-07,2.14016e-06,valiant,dragonfly,"d=8,a=4,p=4",sparse-random,0.000386864,,,,,,,,,,,,,,,,,,
cosp2_n128_sparse_20260121_215534,frontier,node_placement,contiguous,,,,,,dragonfly,,,,contiguous,386864.0,0.0,9472.0,,,,,,,,,,,,,,
cosp2_n128_sparse_20260121_215534,frontier,node_placement,random,,,,,,dragonfly,,,,random,386864.0,0.0,9472.0,,,,,,,,,,,,,,
cosp2_n128_sparse_20260121_215534,frontier,node_placement,locality,,,,,,dragonfly,,,,locality,386864.0,0.0,9472.0,,,,,,,,,,,,,,
cosp2_n128_sparse_20260121_215534,frontier,node_placement,spectral,,,,,,dragonfly,,,,spectral,386864.0,0.0,9472.0,,,,,,,,,,,,,,
cosp2_n128_sparse_20260121_215534,frontier,scheduling,fcfs,,,,,,,,,,,,,,fcfs,1.0,2.0295899513416464,7306.5238248299265,0.0,0.0,0.0,9472.0,,,,,,
cosp2_n128_sparse_20260121_215534,frontier,scheduling,backfill,,,,,,,,,,,,,,backfill,1.0,2.0295899513416464,7306.5238248299265,0.0,0.0,0.0,9472.0,,,,,,
cosp2_n128_sparse_20260121_215534,frontier,scheduling,multitenant,,,,,,,,,,,,,,multitenant,3600.0,7306.523824829668,7306.523824829668,0.0,0.0,0.0,9472.0,,,,,,
cosp2_n128_sparse_20260121_215534,frontier,power,baseline,,,,,,,,,,,,,,,,,,0.7,,,9472.0,baseline,12.574458,15.089349599999998,1.2,6630.0,1.8965999999999998
cosp2_n128_sparse_20260121_215534,frontier,power,power_cap,,,,,,,,,,,,,,,,,,0.7,,,9472.0,power_cap,12.574458,15.089349599999998,1.2,6630.0,1.8965999999999998
cosp2_n128_sparse_20260121_215534,frontier,power,frequency_scaling,,,,,,,,,,,,,,,,,,0.7,,,9472.0,frequency_scaling,11.706498179999997,14.047797815999996,1.2,6630.0,1.7656859999999996
cosp2_n128_sparse_20260121_215534,frontier,power,job_packing,,,,,,,,,,,,,,,,,,0.7,,,9472.0,job_packing,12.2605054,14.712606479999998,1.2,6630.0,1.8492466666666667
cosp2_n64_sparse_20260121_215236,lassen,adaptive_routing,minimal,4.000289445973333,12.495237143475931,7.236149333333334e-05,0.00038117376,minimal,fat-tree,k=8,sparse-random,0.016821168,,,,,,,,,,,,,,,,,,
cosp2_n64_sparse_20260121_215236,lassen,adaptive_routing,ecmp,4.000289445973333,12.495237143475931,7.236149333333334e-05,0.00038117376,ecmp,fat-tree,k=8,sparse-random,0.016821168,,,,,,,,,,,,,,,,,,
cosp2_n64_sparse_20260121_215236,lassen,node_placement,contiguous,,,,,,fat-tree,,,,contiguous,33642336.0,0.0,4608.0,,,,,,,,,,,,,,
cosp2_n64_sparse_20260121_215236,lassen,node_placement,random,,,,,,fat-tree,,,,random,33642336.0,0.0,4608.0,,,,,,,,,,,,,,
cosp2_n64_sparse_20260121_215236,lassen,node_placement,locality,,,,,,fat-tree,,,,locality,33642336.0,0.0,4608.0,,,,,,,,,,,,,,
cosp2_n64_sparse_20260121_215236,lassen,node_placement,spectral,,,,,,fat-tree,,,,spectral,33642336.0,0.0,4608.0,,,,,,,,,,,,,,
cosp2_n64_sparse_20260121_215236,lassen,scheduling,fcfs,,,,,,,,,,,,,,fcfs,1.0,0.7721016888888916,2779.56608000001,0.0,0.0,0.0,4608.0,,,,,,
cosp2_n64_sparse_20260121_215236,lassen,scheduling,backfill,,,,,,,,,,,,,,backfill,1.0,0.7721016888888916,2779.56608000001,0.0,0.0,0.0,4608.0,,,,,,
cosp2_n64_sparse_20260121_215236,lassen,scheduling,multitenant,,,,,,,,,,,,,,multitenant,3600.0,2779.566080000105,2779.566080000105,0.0,0.0,0.0,4608.0,,,,,,
cosp2_n64_sparse_20260121_215236,lassen,power,baseline,,,,,,,,,,,,,,,,,,0.7,,,4608.0,baseline,3.613854375,4.6980106875,1.3,3225.0,1.120575
cosp2_n64_sparse_20260121_215236,lassen,power,power_cap,,,,,,,,,,,,,,,,,,0.7,,,4608.0,power_cap,3.613854375,4.6980106875,1.3,3225.0,1.120575
cosp2_n64_sparse_20260121_215236,lassen,power,frequency_scaling,,,,,,,,,,,,,,,,,,0.7,,,4608.0,frequency_scaling,3.3893967937499996,4.4062158318749995,1.3,3225.0,1.0509757499999999
cosp2_n64_sparse_20260121_215236,lassen,power,job_packing,,,,,,,,,,,,,,,,,,0.7,,,4608.0,job_packing,3.493276605,4.541259586500001,1.3,3225.0,1.0831865441860467
cosp2_n64_sparse_20260121_215236,frontier,adaptive_routing,minimal,3.5005532457682054,24.990859663052643,0.00015807021948717947,0.0003657472,minimal,dragonfly,"d=4,a=2,p=4",sparse-random,0.016821168,,,,,,,,,,,,,,,,,,
cosp2_n64_sparse_20260121_215236,frontier,adaptive_routing,ugal,4.000632280877949,24.990859663052643,0.00015807021948717947,0.0003657472,ugal,dragonfly,"d=4,a=2,p=4",sparse-random,0.016821168,,,,,,,,,,,,,,,,,,
cosp2_n64_sparse_20260121_215236,frontier,adaptive_routing,valiant,5.000790351097436,24.990859663052643,0.00015807021948717947,0.0003657472,valiant,dragonfly,"d=4,a=2,p=4",sparse-random,0.016821168,,,,,,,,,,,,,,,,,,
cosp2_n64_sparse_20260121_215236,frontier,node_placement,contiguous,,,,,,dragonfly,,,,contiguous,16821168.0,0.0,9472.0,,,,,,,,,,,,,,
cosp2_n64_sparse_20260121_215236,frontier,node_placement,random,,,,,,dragonfly,,,,random,16821168.0,0.0,9472.0,,,,,,,,,,,,,,
cosp2_n64_sparse_20260121_215236,frontier,node_placement,locality,,,,,,dragonfly,,,,locality,16821168.0,0.0,9472.0,,,,,,,,,,,,,,
cosp2_n64_sparse_20260121_215236,frontier,node_placement,spectral,,,,,,dragonfly,,,,spectral,16821168.0,0.0,9472.0,,,,,,,,,,,,,,
cosp2_n64_sparse_20260121_215236,frontier,scheduling,fcfs,,,,,,,,,,,,,,fcfs,1.0,2.0295899513416464,7306.5238248299265,0.0,0.0,0.0,9472.0,,,,,,
cosp2_n64_sparse_20260121_215236,frontier,scheduling,backfill,,,,,,,,,,,,,,backfill,1.0,2.0295899513416464,7306.5238248299265,0.0,0.0,0.0,9472.0,,,,,,
cosp2_n64_sparse_20260121_215236,frontier,scheduling,multitenant,,,,,,,,,,,,,,multitenant,3600.0,7306.523824829668,7306.523824829668,0.0,0.0,0.0,9472.0,,,,,,
cosp2_n64_sparse_20260121_215236,frontier,power,baseline,,,,,,,,,,,,,,,,,,0.7,,,9472.0,baseline,12.574458,15.089349599999998,1.2,6630.0,1.8965999999999998
cosp2_n64_sparse_20260121_215236,frontier,power,power_cap,,,,,,,,,,,,,,,,,,0.7,,,9472.0,power_cap,12.574458,15.089349599999998,1.2,6630.0,1.8965999999999998
cosp2_n64_sparse_20260121_215236,frontier,power,frequency_scaling,,,,,,,,,,,,,,,,,,0.7,,,9472.0,frequency_scaling,11.706498179999997,14.047797815999996,1.2,6630.0,1.7656859999999996
cosp2_n64_sparse_20260121_215236,frontier,power,job_packing,,,,,,,,,,,,,,,,,,0.7,,,9472.0,job_packing,12.2605054,14.712606479999998,1.2,6630.0,1.8492466666666667
hpgmg_n128_fv_20260121_215033,lassen,adaptive_routing,minimal,4.02999234496,11.307476072387743,0.00749808624,0.10546331648,minimal,fat-tree,k=8,sparse-random,1.057253824,,,,,,,,,,,,,,,,,,
hpgmg_n128_fv_20260121_215033,lassen,adaptive_routing,ecmp,4.02999234496,11.307476072387743,0.00749808624,0.10546331648,ecmp,fat-tree,k=8,sparse-random,1.057253824,,,,,,,,,,,,,,,,,,
hpgmg_n128_fv_20260121_215033,lassen,node_placement,contiguous,,,,,,fat-tree,,,,contiguous,2114507648.0,0.0,4608.0,,,,,,,,,,,,,,
hpgmg_n128_fv_20260121_215033,lassen,node_placement,random,,,,,,fat-tree,,,,random,2114507648.0,0.0,4608.0,,,,,,,,,,,,,,
hpgmg_n128_fv_20260121_215033,lassen,node_placement,locality,,,,,,fat-tree,,,,locality,2114507648.0,0.0,4608.0,,,,,,,,,,,,,,
hpgmg_n128_fv_20260121_215033,lassen,node_placement,spectral,,,,,,fat-tree,,,,spectral,2114507648.0,0.0,4608.0,,,,,,,,,,,,,,
hpgmg_n128_fv_20260121_215033,lassen,scheduling,fcfs,,,,,,,,,,,,,,fcfs,1.0,0.7721016888888916,2779.56608000001,0.0,0.0,0.0,4608.0,,,,,,
hpgmg_n128_fv_20260121_215033,lassen,scheduling,backfill,,,,,,,,,,,,,,backfill,1.0,0.7721016888888916,2779.56608000001,0.0,0.0,0.0,4608.0,,,,,,
hpgmg_n128_fv_20260121_215033,lassen,scheduling,multitenant,,,,,,,,,,,,,,multitenant,3600.0,2779.566080000105,2779.566080000105,0.0,0.0,0.0,4608.0,,,,,,
hpgmg_n128_fv_20260121_215033,lassen,power,baseline,,,,,,,,,,,,,,,,,,0.7,,,4608.0,baseline,3.613854375,4.6980106875,1.3,3225.0,1.120575
hpgmg_n128_fv_20260121_215033,lassen,power,power_cap,,,,,,,,,,,,,,,,,,0.7,,,4608.0,power_cap,3.613854375,4.6980106875,1.3,3225.0,1.120575
hpgmg_n128_fv_20260121_215033,lassen,power,frequency_scaling,,,,,,,,,,,,,,,,,,0.7,,,4608.0,frequency_scaling,3.3893967937499996,4.4062158318749995,1.3,3225.0,1.0509757499999999
hpgmg_n128_fv_20260121_215033,lassen,power,job_packing,,,,,,,,,,,,,,,,,,0.7,,,4608.0,job_packing,3.493276605,4.541259586500001,1.3,3225.0,1.0831865441860467
hpgmg_n128_fv_20260121_215033,frontier,adaptive_routing,minimal,3.5455637929025636,24.515618326338764,0.013018226543589742,0.01975808512,minimal,dragonfly,"d=4,a=2,p=4",sparse-random,1.057253824,,,,,,,,,,,,,,,,,,
hpgmg_n128_fv_20260121_215033,frontier,adaptive_routing,ugal,4.0520686022235894,24.515618326338764,0.013017150555897436,0.01975808512,ugal,dragonfly,"d=4,a=2,p=4",sparse-random,1.057253824,,,,,,,,,,,,,,,,,,
hpgmg_n128_fv_20260121_215033,frontier,adaptive_routing,valiant,5.06563992451282,24.515618326338764,0.0131279849025641,0.01975808512,valiant,dragonfly,"d=4,a=2,p=4",sparse-random,1.057253824,,,,,,,,,,,,,,,,,,
hpgmg_n128_fv_20260121_215033,frontier,node_placement,contiguous,,,,,,dragonfly,,,,contiguous,1057253824.0,0.0,9472.0,,,,,,,,,,,,,,
hpgmg_n128_fv_20260121_215033,frontier,node_placement,random,,,,,,dragonfly,,,,random,1057253824.0,0.0,9472.0,,,,,,,,,,,,,,
hpgmg_n128_fv_20260121_215033,frontier,node_placement,locality,,,,,,dragonfly,,,,locality,1057253824.0,0.0,9472.0,,,,,,,,,,,,,,
hpgmg_n128_fv_20260121_215033,frontier,node_placement,spectral,,,,,,dragonfly,,,,spectral,1057253824.0,0.0,9472.0,,,,,,,,,,,,,,
hpgmg_n128_fv_20260121_215033,frontier,scheduling,fcfs,,,,,,,,,,,,,,fcfs,1.0,2.0295899513416464,7306.5238248299265,0.0,0.0,0.0,9472.0,,,,,,
hpgmg_n128_fv_20260121_215033,frontier,scheduling,backfill,,,,,,,,,,,,,,backfill,1.0,2.0295899513416464,7306.5238248299265,0.0,0.0,0.0,9472.0,,,,,,
hpgmg_n128_fv_20260121_215033,frontier,scheduling,multitenant,,,,,,,,,,,,,,multitenant,3600.0,7306.523824829668,7306.523824829668,0.0,0.0,0.0,9472.0,,,,,,
hpgmg_n128_fv_20260121_215033,frontier,power,baseline,,,,,,,,,,,,,,,,,,0.7,,,9472.0,baseline,12.574458,15.089349599999998,1.2,6630.0,1.8965999999999998
hpgmg_n128_fv_20260121_215033,frontier,power,power_cap,,,,,,,,,,,,,,,,,,0.7,,,9472.0,power_cap,12.574458,15.089349599999998,1.2,6630.0,1.8965999999999998
hpgmg_n128_fv_20260121_215033,frontier,power,frequency_scaling,,,,,,,,,,,,,,,,,,0.7,,,9472.0,frequency_scaling,11.706498179999997,14.047797815999996,1.2,6630.0,1.7656859999999996
hpgmg_n128_fv_20260121_215033,frontier,power,job_packing,,,,,,,,,,,,,,,,,,0.7,,,9472.0,job_packing,12.2605054,14.712606479999998,1.2,6630.0,1.8492466666666667
hpgmg_n64_fv_20260121_214733,lassen,adaptive_routing,minimal,4.12411942656,8.889123696015787,0.031029856640000002,0.40621285376,minimal,fat-tree,k=8,sparse-random,5.028449856,,,,,,,,,,,,,,,,,,
hpgmg_n64_fv_20260121_214733,lassen,adaptive_routing,ecmp,4.12411942656,8.889123696015787,0.031029856640000002,0.40621285376,ecmp,fat-tree,k=8,sparse-random,5.028449856,,,,,,,,,,,,,,,,,,
hpgmg_n64_fv_20260121_214733,lassen,node_placement,contiguous,,,,,,fat-tree,,,,contiguous,10056899712.0,0.0,4608.0,,,,,,,,,,,,,,
hpgmg_n64_fv_20260121_214733,lassen,node_placement,random,,,,,,fat-tree,,,,random,10056899712.0,0.0,4608.0,,,,,,,,,,,,,,
hpgmg_n64_fv_20260121_214733,lassen,node_placement,locality,,,,,,fat-tree,,,,locality,10056899712.0,0.0,4608.0,,,,,,,,,,,,,,
hpgmg_n64_fv_20260121_214733,lassen,node_placement,spectral,,,,,,fat-tree,,,,spectral,10056899712.0,0.0,4608.0,,,,,,,,,,,,,,
hpgmg_n64_fv_20260121_214733,lassen,scheduling,fcfs,,,,,,,,,,,,,,fcfs,1.0,0.7721016888888916,2779.56608000001,0.0,0.0,0.0,4608.0,,,,,,
hpgmg_n64_fv_20260121_214733,lassen,scheduling,backfill,,,,,,,,,,,,,,backfill,1.0,0.7721016888888916,2779.56608000001,0.0,0.0,0.0,4608.0,,,,,,
hpgmg_n64_fv_20260121_214733,lassen,scheduling,multitenant,,,,,,,,,,,,,,multitenant,3600.0,2779.566080000105,2779.566080000105,0.0,0.0,0.0,4608.0,,,,,,
hpgmg_n64_fv_20260121_214733,lassen,power,baseline,,,,,,,,,,,,,,,,,,0.7,,,4608.0,baseline,3.613854375,4.6980106875,1.3,3225.0,1.120575
hpgmg_n64_fv_20260121_214733,lassen,power,power_cap,,,,,,,,,,,,,,,,,,0.7,,,4608.0,power_cap,3.613854375,4.6980106875,1.3,3225.0,1.120575
hpgmg_n64_fv_20260121_214733,lassen,power,frequency_scaling,,,,,,,,,,,,,,,,,,0.7,,,4608.0,frequency_scaling,3.3893967937499996,4.4062158318749995,1.3,3225.0,1.0509757499999999
hpgmg_n64_fv_20260121_214733,lassen,power,job_packing,,,,,,,,,,,,,,,,,,0.7,,,4608.0,job_packing,3.493276605,4.541259586500001,1.3,3225.0,1.0831865441860467
hpgmg_n64_fv_20260121_214733,frontier,adaptive_routing,minimal,3.6974834102482053,21.843912554498473,0.05642383149948719,0.14448361472,minimal,dragonfly,"d=4,a=2,p=4",sparse-random,5.028449856,,,,,,,,,,,,,,,,,,
hpgmg_n64_fv_20260121_214733,frontier,adaptive_routing,ugal,4.225655128484102,21.843912554498473,0.056413782121025643,0.14448361472,ugal,dragonfly,"d=4,a=2,p=4",sparse-random,5.028449856,,,,,,,,,,,,,,,,,,
hpgmg_n64_fv_20260121_214733,frontier,adaptive_routing,valiant,5.282619164882051,21.843912554498473,0.05652383297641027,0.14448361472,valiant,dragonfly,"d=4,a=2,p=4",sparse-random,5.028449856,,,,,,,,,,,,,,,,,,
hpgmg_n64_fv_20260121_214733,frontier,node_placement,contiguous,,,,,,dragonfly,,,,contiguous,5028449856.0,0.0,9472.0,,,,,,,,,,,,,,
hpgmg_n64_fv_20260121_214733,frontier,node_placement,random,,,,,,dragonfly,,,,random,5028449856.0,0.0,9472.0,,,,,,,,,,,,,,
hpgmg_n64_fv_20260121_214733,frontier,node_placement,locality,,,,,,dragonfly,,,,locality,5028449856.0,0.0,9472.0,,,,,,,,,,,,,,
hpgmg_n64_fv_20260121_214733,frontier,node_placement,spectral,,,,,,dragonfly,,,,spectral,5028449856.0,0.0,9472.0,,,,,,,,,,,,,,
hpgmg_n64_fv_20260121_214733,frontier,scheduling,fcfs,,,,,,,,,,,,,,fcfs,1.0,2.0295899513416464,7306.5238248299265,0.0,0.0,0.0,9472.0,,,,,,
hpgmg_n64_fv_20260121_214733,frontier,scheduling,backfill,,,,,,,,,,,,,,backfill,1.0,2.0295899513416464,7306.5238248299265,0.0,0.0,0.0,9472.0,,,,,,
hpgmg_n64_fv_20260121_214733,frontier,scheduling,multitenant,,,,,,,,,,,,,,multitenant,3600.0,7306.523824829668,7306.523824829668,0.0,0.0,0.0,9472.0,,,,,,
hpgmg_n64_fv_20260121_214733,frontier,power,baseline,,,,,,,,,,,,,,,,,,0.7,,,9472.0,baseline,12.574458,15.089349599999998,1.2,6630.0,1.8965999999999998
hpgmg_n64_fv_20260121_214733,frontier,power,power_cap,,,,,,,,,,,,,,,,,,0.7,,,9472.0,power_cap,12.574458,15.089349599999998,1.2,6630.0,1.8965999999999998
hpgmg_n64_fv_20260121_214733,frontier,power,frequency_scaling,,,,,,,,,,,,,,,,,,0.7,,,9472.0,frequency_scaling,11.706498179999997,14.047797815999996,1.2,6630.0,1.7656859999999996
hpgmg_n64_fv_20260121_214733,frontier,power,job_packing,,,,,,,,,,,,,,,,,,0.7,,,9472.0,job_packing,12.2605054,14.712606479999998,1.2,6630.0,1.8492466666666667
lulesh_n64_cube_20260121_214715,lassen,adaptive_routing,minimal,4.00223858944,12.34629124206487,0.0005596473599999999,0.012449792,minimal,fat-tree,k=8,sparse-random,0.082191168,,,,,,,,,,,,,,,,,,
lulesh_n64_cube_20260121_214715,lassen,adaptive_routing,ecmp,4.00223858944,12.34629124206487,0.0005596473599999999,0.012449792,ecmp,fat-tree,k=8,sparse-random,0.082191168,,,,,,,,,,,,,,,,,,
lulesh_n64_cube_20260121_214715,lassen,node_placement,contiguous,,,,,,fat-tree,,,,contiguous,164382336.0,0.0,4608.0,,,,,,,,,,,,,,
lulesh_n64_cube_20260121_214715,lassen,node_placement,random,,,,,,fat-tree,,,,random,164382336.0,0.0,4608.0,,,,,,,,,,,,,,
lulesh_n64_cube_20260121_214715,lassen,node_placement,locality,,,,,,fat-tree,,,,locality,164382336.0,0.0,4608.0,,,,,,,,,,,,,,
lulesh_n64_cube_20260121_214715,lassen,node_placement,spectral,,,,,,fat-tree,,,,spectral,164382336.0,0.0,4608.0,,,,,,,,,,,,,,
lulesh_n64_cube_20260121_214715,lassen,scheduling,fcfs,,,,,,,,,,,,,,fcfs,1.0,0.7721016888888916,2779.56608000001,0.0,0.0,0.0,4608.0,,,,,,
lulesh_n64_cube_20260121_214715,lassen,scheduling,backfill,,,,,,,,,,,,,,backfill,1.0,0.7721016888888916,2779.56608000001,0.0,0.0,0.0,4608.0,,,,,,
lulesh_n64_cube_20260121_214715,lassen,scheduling,multitenant,,,,,,,,,,,,,,multitenant,3600.0,2779.566080000105,2779.566080000105,0.0,0.0,0.0,4608.0,,,,,,
lulesh_n64_cube_20260121_214715,lassen,power,baseline,,,,,,,,,,,,,,,,,,0.7,,,4608.0,baseline,3.613854375,4.6980106875,1.3,3225.0,1.120575
lulesh_n64_cube_20260121_214715,lassen,power,power_cap,,,,,,,,,,,,,,,,,,0.7,,,4608.0,power_cap,3.613854375,4.6980106875,1.3,3225.0,1.120575
lulesh_n64_cube_20260121_214715,lassen,power,frequency_scaling,,,,,,,,,,,,,,,,,,0.7,,,4608.0,frequency_scaling,3.3893967937499996,4.4062158318749995,1.3,3225.0,1.0509757499999999
lulesh_n64_cube_20260121_214715,lassen,power,job_packing,,,,,,,,,,,,,,,,,,0.7,,,4608.0,job_packing,3.493276605,4.541259586500001,1.3,3225.0,1.0831865441860467
lulesh_n64_cube_20260121_214715,frontier,adaptive_routing,minimal,3.503198328516923,24.95422999742005,0.0009138081476923077,0.00183415808,minimal,dragonfly,"d=4,a=2,p=4",sparse-random,0.082191168,,,,,,,,,,,,,,,,,,
lulesh_n64_cube_20260121_214715,frontier,adaptive_routing,ugal,4.003653982785641,24.95422999742005,0.0009134956964102563,0.00183415808,ugal,dragonfly,"d=4,a=2,p=4",sparse-random,0.082191168,,,,,,,,,,,,,,,,,,
lulesh_n64_cube_20260121_214715,frontier,adaptive_routing,valiant,5.0045894880820505,24.95422999742005,0.0009178976164102565,0.00183415808,valiant,dragonfly,"d=4,a=2,p=4",sparse-random,0.082191168,,,,,,,,,,,,,,,,,,
lulesh_n64_cube_20260121_214715,frontier,node_placement,contiguous,,,,,,dragonfly,,,,contiguous,82191168.0,0.0,9472.0,,,,,,,,,,,,,,
lulesh_n64_cube_20260121_214715,frontier,node_placement,random,,,,,,dragonfly,,,,random,82191168.0,0.0,9472.0,,,,,,,,,,,,,,
lulesh_n64_cube_20260121_214715,frontier,node_placement,locality,,,,,,dragonfly,,,,locality,82191168.0,0.0,9472.0,,,,,,,,,,,,,,
lulesh_n64_cube_20260121_214715,frontier,node_placement,spectral,,,,,,dragonfly,,,,spectral,82191168.0,0.0,9472.0,,,,,,,,,,,,,,
lulesh_n64_cube_20260121_214715,frontier,scheduling,fcfs,,,,,,,,,,,,,,fcfs,1.0,2.0295899513416464,7306.5238248299265,0.0,0.0,0.0,9472.0,,,,,,
lulesh_n64_cube_20260121_214715,frontier,scheduling,backfill,,,,,,,,,,,,,,backfill,1.0,2.0295899513416464,7306.5238248299265,0.0,0.0,0.0,9472.0,,,,,,
lulesh_n64_cube_20260121_214715,frontier,scheduling,multitenant,,,,,,,,,,,,,,multitenant,3600.0,7306.523824829668,7306.523824829668,0.0,0.0,0.0,9472.0,,,,,,
lulesh_n64_cube_20260121_214715,frontier,power,baseline,,,,,,,,,,,,,,,,,,0.7,,,9472.0,baseline,12.574458,15.089349599999998,1.2,6630.0,1.8965999999999998
lulesh_n64_cube_20260121_214715,frontier,power,power_cap,,,,,,,,,,,,,,,,,,0.7,,,9472.0,power_cap,12.574458,15.089349599999998,1.2,6630.0,1.8965999999999998
lulesh_n64_cube_20260121_214715,frontier,power,frequency_scaling,,,,,,,,,,,,,,,,,,0.7,,,9472.0,frequency_scaling,11.706498179999997,14.047797815999996,1.2,6630.0,1.7656859999999996
lulesh_n64_cube_20260121_214715,frontier,power,job_packing,,,,,,,,,,,,,,,,,,0.7,,,9472.0,job_packing,12.2605054,14.712606479999998,1.2,6630.0,1.8492466666666667
lulesh_n64_scaled_20260121_214306,lassen,adaptive_routing,minimal,4.00144009984,12.398809841219057,0.00036002496000000003,0.00816128,minimal,fat-tree,k=8,sparse-random,0.052365888,,,,,,,,,,,,,,,,,,
lulesh_n64_scaled_20260121_214306,lassen,adaptive_routing,ecmp,4.00144009984,12.398809841219057,0.00036002496000000003,0.00816128,ecmp,fat-tree,k=8,sparse-random,0.052365888,,,,,,,,,,,,,,,,,,
lulesh_n64_scaled_20260121_214306,lassen,node_placement,contiguous,,,,,,fat-tree,,,,contiguous,104731776.0,0.0,4608.0,,,,,,,,,,,,,,
lulesh_n64_scaled_20260121_214306,lassen,node_placement,random,,,,,,fat-tree,,,,random,104731776.0,0.0,4608.0,,,,,,,,,,,,,,
lulesh_n64_scaled_20260121_214306,lassen,node_placement,locality,,,,,,fat-tree,,,,locality,104731776.0,0.0,4608.0,,,,,,,,,,,,,,
lulesh_n64_scaled_20260121_214306,lassen,node_placement,spectral,,,,,,fat-tree,,,,spectral,104731776.0,0.0,4608.0,,,,,,,,,,,,,,
lulesh_n64_scaled_20260121_214306,lassen,scheduling,fcfs,,,,,,,,,,,,,,fcfs,1.0,0.7721016888888916,2779.56608000001,0.0,0.0,0.0,4608.0,,,,,,
lulesh_n64_scaled_20260121_214306,lassen,scheduling,backfill,,,,,,,,,,,,,,backfill,1.0,0.7721016888888916,2779.56608000001,0.0,0.0,0.0,4608.0,,,,,,
lulesh_n64_scaled_20260121_214306,lassen,scheduling,multitenant,,,,,,,,,,,,,,multitenant,3600.0,2779.566080000105,2779.566080000105,0.0,0.0,0.0,4608.0,,,,,,
lulesh_n64_scaled_20260121_214306,lassen,power,baseline,,,,,,,,,,,,,,,,,,0.7,,,4608.0,baseline,3.613854375,4.6980106875,1.3,3225.0,1.120575
lulesh_n64_scaled_20260121_214306,lassen,power,power_cap,,,,,,,,,,,,,,,,,,0.7,,,4608.0,power_cap,3.613854375,4.6980106875,1.3,3225.0,1.120575
lulesh_n64_scaled_20260121_214306,lassen,power,frequency_scaling,,,,,,,,,,,,,,,,,,0.7,,,4608.0,frequency_scaling,3.3893967937499996,4.4062158318749995,1.3,3225.0,1.0509757499999999
lulesh_n64_scaled_20260121_214306,lassen,power,job_packing,,,,,,,,,,,,,,,,,,0.7,,,4608.0,job_packing,3.493276605,4.541259586500001,1.3,3225.0,1.0831865441860467
lulesh_n64_scaled_20260121_214306,frontier,adaptive_routing,minimal,3.5020531578092307,24.97076395787621,0.0005866165169230767,0.00117081088,minimal,dragonfly,"d=4,a=2,p=4",sparse-random,0.052365888,,,,,,,,,,,,,,,,,,
lulesh_n64_scaled_20260121_214306,frontier,adaptive_routing,ugal,4.002345277965128,24.97076395787621,0.0005863194912820511,0.00117081088,ugal,dragonfly,"d=4,a=2,p=4",sparse-random,0.052365888,,,,,,,,,,,,,,,,,,
lulesh_n64_scaled_20260121_214306,frontier,adaptive_routing,valiant,5.002970902482051,24.97076395787621,0.0005941804964102563,0.00117081088,valiant,dragonfly,"d=4,a=2,p=4",sparse-random,0.052365888,,,,,,,,,,,,,,,,,,
lulesh_n64_scaled_20260121_214306,frontier,node_placement,contiguous,,,,,,dragonfly,,,,contiguous,52365888.0,0.0,9472.0,,,,,,,,,,,,,,
lulesh_n64_scaled_20260121_214306,frontier,node_placement,random,,,,,,dragonfly,,,,random,52365888.0,0.0,9472.0,,,,,,,,,,,,,,
lulesh_n64_scaled_20260121_214306,frontier,node_placement,locality,,,,,,dragonfly,,,,locality,52365888.0,0.0,9472.0,,,,,,,,,,,,,,
lulesh_n64_scaled_20260121_214306,frontier,node_placement,spectral,,,,,,dragonfly,,,,spectral,52365888.0,0.0,9472.0,,,,,,,,,,,,,,
lulesh_n64_scaled_20260121_214306,frontier,scheduling,fcfs,,,,,,,,,,,,,,fcfs,1.0,2.0295899513416464,7306.5238248299265,0.0,0.0,0.0,9472.0,,,,,,
lulesh_n64_scaled_20260121_214306,frontier,scheduling,backfill,,,,,,,,,,,,,,backfill,1.0,2.0295899513416464,7306.5238248299265,0.0,0.0,0.0,9472.0,,,,,,
lulesh_n64_scaled_20260121_214306,frontier,scheduling,multitenant,,,,,,,,,,,,,,multitenant,3600.0,7306.523824829668,7306.523824829668,0.0,0.0,0.0,9472.0,,,,,,
lulesh_n64_scaled_20260121_214306,frontier,power,baseline,,,,,,,,,,,,,,,,,,0.7,,,9472.0,baseline,12.574458,15.089349599999998,1.2,6630.0,1.8965999999999998
lulesh_n64_scaled_20260121_214306,frontier,power,power_cap,,,,,,,,,,,,,,,,,,0.7,,,9472.0,power_cap,12.574458,15.089349599999998,1.2,6630.0,1.8965999999999998
lulesh_n64_scaled_20260121_214306,frontier,power,frequency_scaling,,,,,,,,,,,,,,,,,,0.7,,,9472.0,frequency_scaling,11.706498179999997,14.047797815999996,1.2,6630.0,1.7656859999999996
lulesh_n64_scaled_20260121_214306,frontier,power,job_packing,,,,,,,,,,,,,,,,,,0.7,,,9472.0,job_packing,12.2605054,14.712606479999998,1.2,6630.0,1.8492466666666667
lulesh_s10_n8_20260120_230236,lassen,adaptive_routing,minimal,3.6004167905280005,12.493969502756025,0.00011577514666666665,0.00048267264,minimal,fat-tree,k=4,all-to-all,0.002125888,,,,,,,,,,,,,,,,,,
lulesh_s10_n8_20260120_230236,lassen,adaptive_routing,ecmp,3.6004167905280005,12.493969502756025,0.00011577514666666665,0.00048267264,ecmp,fat-tree,k=4,all-to-all,0.002125888,,,,,,,,,,,,,,,,,,
lulesh_s10_n8_20260120_230236,lassen,node_placement,contiguous,,,,,,fat-tree,,,,contiguous,4251776.0,0.0,4608.0,,,,,,,,,,,,,,
lulesh_s10_n8_20260120_230236,lassen,node_placement,random,,,,,,fat-tree,,,,random,4251776.0,0.0,4608.0,,,,,,,,,,,,,,
lulesh_s10_n8_20260120_230236,lassen,node_placement,locality,,,,,,fat-tree,,,,locality,4251776.0,0.0,4608.0,,,,,,,,,,,,,,
lulesh_s10_n8_20260120_230236,lassen,node_placement,spectral,,,,,,fat-tree,,,,spectral,4251776.0,0.0,4608.0,,,,,,,,,,,,,,
lulesh_s10_n8_20260120_230236,lassen,scheduling,fcfs,,,,,,,,,,,,,,fcfs,1.0,0.7721016888888916,2779.56608000001,0.0,0.0,0.0,4608.0,,,,,,
lulesh_s10_n8_20260120_230236,lassen,scheduling,backfill,,,,,,,,,,,,,,backfill,1.0,0.7721016888888916,2779.56608000001,0.0,0.0,0.0,4608.0,,,,,,
lulesh_s10_n8_20260120_230236,lassen,scheduling,multitenant,,,,,,,,,,,,,,multitenant,3600.0,2779.566080000105,2779.566080000105,0.0,0.0,0.0,4608.0,,,,,,
lulesh_s10_n8_20260120_230236,lassen,power,baseline,,,,,,,,,,,,,,,,,,0.7,,,4608.0,baseline,3.613854375,4.6980106875,1.3,3225.0,1.120575
lulesh_s10_n8_20260120_230236,lassen,power,power_cap,,,,,,,,,,,,,,,,,,0.7,,,4608.0,power_cap,3.613854375,4.6980106875,1.3,3225.0,1.120575
lulesh_s10_n8_20260120_230236,lassen,power,frequency_scaling,,,,,,,,,,,,,,,,,,0.7,,,4608.0,frequency_scaling,3.3893967937499996,4.4062158318749995,1.3,3225.0,1.0509757499999999
lulesh_s10_n8_20260120_230236,lassen,power,job_packing,,,,,,,,,,,,,,,,,,0.7,,,4608.0,job_packing,3.493276605,4.541259586500001,1.3,3225.0,1.0831865441860467
lulesh_s10_n8_20260120_230236,frontier,adaptive_routing,minimal,3.50007188033641,24.993968047729165,2.0537238974358975e-05,0.00024133632,minimal,dragonfly,"d=4,a=2,p=4",all-to-all,0.002125888,,,,,,,,,,,,,,,,,,
lulesh_s10_n8_20260120_230236,frontier,adaptive_routing,ugal,4.000082148955897,24.993968047729165,2.0537238974358975e-05,0.00024133632,ugal,dragonfly,"d=4,a=2,p=4",all-to-all,0.002125888,,,,,,,,,,,,,,,,,,
lulesh_s10_n8_20260120_230236,frontier,adaptive_routing,valiant,5.000102686194872,24.993968047729165,2.0537238974358975e-05,0.00024133632,valiant,dragonfly,"d=4,a=2,p=4",all-to-all,0.002125888,,,,,,,,,,,,,,,,,,
lulesh_s10_n8_20260120_230236,frontier,node_placement,contiguous,,,,,,dragonfly,,,,contiguous,2125888.0,0.0,9472.0,,,,,,,,,,,,,,
lulesh_s10_n8_20260120_230236,frontier,node_placement,random,,,,,,dragonfly,,,,random,2125888.0,0.0,9472.0,,,,,,,,,,,,,,
lulesh_s10_n8_20260120_230236,frontier,node_placement,locality,,,,,,dragonfly,,,,locality,2125888.0,0.0,9472.0,,,,,,,,,,,,,,
lulesh_s10_n8_20260120_230236,frontier,node_placement,spectral,,,,,,dragonfly,,,,spectral,2125888.0,0.0,9472.0,,,,,,,,,,,,,,
lulesh_s10_n8_20260120_230236,frontier,scheduling,fcfs,,,,,,,,,,,,,,fcfs,1.0,2.0295899513416464,7306.5238248299265,0.0,0.0,0.0,9472.0,,,,,,
lulesh_s10_n8_20260120_230236,frontier,scheduling,backfill,,,,,,,,,,,,,,backfill,1.0,2.0295899513416464,7306.5238248299265,0.0,0.0,0.0,9472.0,,,,,,
lulesh_s10_n8_20260120_230236,frontier,scheduling,multitenant,,,,,,,,,,,,,,multitenant,3600.0,7306.523824829668,7306.523824829668,0.0,0.0,0.0,9472.0,,,,,,
lulesh_s10_n8_20260120_230236,frontier,power,baseline,,,,,,,,,,,,,,,,,,0.7,,,9472.0,baseline,12.574458,15.089349599999998,1.2,6630.0,1.8965999999999998
lulesh_s10_n8_20260120_230236,frontier,power,power_cap,,,,,,,,,,,,,,,,,,0.7,,,9472.0,power_cap,12.574458,15.089349599999998,1.2,6630.0,1.8965999999999998
lulesh_s10_n8_20260120_230236,frontier,power,frequency_scaling,,,,,,,,,,,,,,,,,,0.7,,,9472.0,frequency_scaling,11.706498179999997,14.047797815999996,1.2,6630.0,1.7656859999999996
lulesh_s10_n8_20260120_230236,frontier,power,job_packing,,,,,,,,,,,,,,,,,,0.7,,,9472.0,job_packing,12.2605054,14.712606479999998,1.2,6630.0,1.8492466666666667
lulesh_s10_n8_20260120_230319,lassen,adaptive_routing,minimal,3.6004167905280005,12.493969502756025,0.00011577514666666665,0.00048267264,minimal,fat-tree,k=4,all-to-all,0.002125888,,,,,,,,,,,,,,,,,,
lulesh_s10_n8_20260120_230319,lassen,adaptive_routing,ecmp,3.6004167905280005,12.493969502756025,0.00011577514666666665,0.00048267264,ecmp,fat-tree,k=4,all-to-all,0.002125888,,,,,,,,,,,,,,,,,,
lulesh_s10_n8_20260120_230319,lassen,node_placement,contiguous,,,,,,fat-tree,,,,contiguous,4251776.0,0.0,4608.0,,,,,,,,,,,,,,
lulesh_s10_n8_20260120_230319,lassen,node_placement,random,,,,,,fat-tree,,,,random,4251776.0,0.0,4608.0,,,,,,,,,,,,,,
lulesh_s10_n8_20260120_230319,lassen,node_placement,locality,,,,,,fat-tree,,,,locality,4251776.0,0.0,4608.0,,,,,,,,,,,,,,
lulesh_s10_n8_20260120_230319,lassen,node_placement,spectral,,,,,,fat-tree,,,,spectral,4251776.0,0.0,4608.0,,,,,,,,,,,,,,
lulesh_s10_n8_20260120_230319,lassen,scheduling,fcfs,,,,,,,,,,,,,,fcfs,1.0,0.7721016888888916,2779.56608000001,0.0,0.0,0.0,4608.0,,,,,,
lulesh_s10_n8_20260120_230319,lassen,scheduling,backfill,,,,,,,,,,,,,,backfill,1.0,0.7721016888888916,2779.56608000001,0.0,0.0,0.0,4608.0,,,,,,
lulesh_s10_n8_20260120_230319,lassen,scheduling,multitenant,,,,,,,,,,,,,,multitenant,3600.0,2779.566080000105,2779.566080000105,0.0,0.0,0.0,4608.0,,,,,,
lulesh_s10_n8_20260120_230319,lassen,power,baseline,,,,,,,,,,,,,,,,,,0.7,,,4608.0,baseline,3.613854375,4.6980106875,1.3,3225.0,1.120575
lulesh_s10_n8_20260120_230319,lassen,power,power_cap,,,,,,,,,,,,,,,,,,0.7,,,4608.0,power_cap,3.613854375,4.6980106875,1.3,3225.0,1.120575
lulesh_s10_n8_20260120_230319,lassen,power,frequency_scaling,,,,,,,,,,,,,,,,,,0.7,,,4608.0,frequency_scaling,3.3893967937499996,4.4062158318749995,1.3,3225.0,1.0509757499999999
lulesh_s10_n8_20260120_230319,lassen,power,job_packing,,,,,,,,,,,,,,,,,,0.7,,,4608.0,job_packing,3.493276605,4.541259586500001,1.3,3225.0,1.0831865441860467
lulesh_s10_n8_20260120_230319,frontier,adaptive_routing,minimal,3.50007188033641,24.993968047729165,2.0537238974358975e-05,0.00024133632,minimal,dragonfly,"d=4,a=2,p=4",all-to-all,0.002125888,,,,,,,,,,,,,,,,,,
lulesh_s10_n8_20260120_230319,frontier,adaptive_routing,ugal,4.000082148955897,24.993968047729165,2.0537238974358975e-05,0.00024133632,ugal,dragonfly,"d=4,a=2,p=4",all-to-all,0.002125888,,,,,,,,,,,,,,,,,,
lulesh_s10_n8_20260120_230319,frontier,adaptive_routing,valiant,5.000102686194872,24.993968047729165,2.0537238974358975e-05,0.00024133632,valiant,dragonfly,"d=4,a=2,p=4",all-to-all,0.002125888,,,,,,,,,,,,,,,,,,
lulesh_s10_n8_20260120_230319,frontier,node_placement,contiguous,,,,,,dragonfly,,,,contiguous,2125888.0,0.0,9472.0,,,,,,,,,,,,,,
lulesh_s10_n8_20260120_230319,frontier,node_placement,random,,,,,,dragonfly,,,,random,2125888.0,0.0,9472.0,,,,,,,,,,,,,,
lulesh_s10_n8_20260120_230319,frontier,node_placement,locality,,,,,,dragonfly,,,,locality,2125888.0,0.0,9472.0,,,,,,,,,,,,,,
lulesh_s10_n8_20260120_230319,frontier,node_placement,spectral,,,,,,dragonfly,,,,spectral,2125888.0,0.0,9472.0,,,,,,,,,,,,,,
lulesh_s10_n8_20260120_230319,frontier,scheduling,fcfs,,,,,,,,,,,,,,fcfs,1.0,2.0295899513416464,7306.5238248299265,0.0,0.0,0.0,9472.0,,,,,,
lulesh_s10_n8_20260120_230319,frontier,scheduling,backfill,,,,,,,,,,,,,,backfill,1.0,2.0295899513416464,7306.5238248299265,0.0,0.0,0.0,9472.0,,,,,,
lulesh_s10_n8_20260120_230319,frontier,scheduling,multitenant,,,,,,,,,,,,,,multitenant,3600.0,7306.523824829668,7306.523824829668,0.0,0.0,0.0,9472.0,,,,,,
lulesh_s10_n8_20260120_230319,frontier,power,baseline,,,,,,,,,,,,,,,,,,0.7,,,9472.0,baseline,12.574458,15.089349599999998,1.2,6630.0,1.8965999999999998
lulesh_s10_n8_20260120_230319,frontier,power,power_cap,,,,,,,,,,,,,,,,,,0.7,,,9472.0,power_cap,12.574458,15.089349599999998,1.2,6630.0,1.8965999999999998
lulesh_s10_n8_20260120_230319,frontier,power,frequency_scaling,,,,,,,,,,,,,,,,,,0.7,,,9472.0,frequency_scaling,11.706498179999997,14.047797815999996,1.2,6630.0,1.7656859999999996
lulesh_s10_n8_20260120_230319,frontier,power,job_packing,,,,,,,,,,,,,,,,,,0.7,,,9472.0,job_packing,12.2605054,14.712606479999998,1.2,6630.0,1.8492466666666667
lulesh_s10_n8_20260120_230454,lassen,adaptive_routing,minimal,3.6004167905280005,12.493969502756025,0.00011577514666666665,0.00048267264,minimal,fat-tree,k=4,all-to-all,0.002125888,,,,,,,,,,,,,,,,,,
lulesh_s10_n8_20260120_230454,lassen,adaptive_routing,ecmp,3.6004167905280005,12.493969502756025,0.00011577514666666665,0.00048267264,ecmp,fat-tree,k=4,all-to-all,0.002125888,,,,,,,,,,,,,,,,,,
lulesh_s10_n8_20260120_230454,lassen,node_placement,contiguous,,,,,,fat-tree,,,,contiguous,4251776.0,0.0,4608.0,,,,,,,,,,,,,,
lulesh_s10_n8_20260120_230454,lassen,node_placement,random,,,,,,fat-tree,,,,random,4251776.0,0.0,4608.0,,,,,,,,,,,,,,
lulesh_s10_n8_20260120_230454,lassen,node_placement,locality,,,,,,fat-tree,,,,locality,4251776.0,0.0,4608.0,,,,,,,,,,,,,,
lulesh_s10_n8_20260120_230454,lassen,node_placement,spectral,,,,,,fat-tree,,,,spectral,4251776.0,0.0,4608.0,,,,,,,,,,,,,,
lulesh_s10_n8_20260120_230454,lassen,scheduling,fcfs,,,,,,,,,,,,,,fcfs,1.0,0.7721016888888916,2779.56608000001,0.0,0.0,0.0,4608.0,,,,,,
lulesh_s10_n8_20260120_230454,lassen,scheduling,backfill,,,,,,,,,,,,,,backfill,1.0,0.7721016888888916,2779.56608000001,0.0,0.0,0.0,4608.0,,,,,,
lulesh_s10_n8_20260120_230454,lassen,scheduling,multitenant,,,,,,,,,,,,,,multitenant,3600.0,2779.566080000105,2779.566080000105,0.0,0.0,0.0,4608.0,,,,,,
lulesh_s10_n8_20260120_230454,lassen,power,baseline,,,,,,,,,,,,,,,,,,0.7,,,4608.0,baseline,3.613854375,4.6980106875,1.3,3225.0,1.120575
lulesh_s10_n8_20260120_230454,lassen,power,power_cap,,,,,,,,,,,,,,,,,,0.7,,,4608.0,power_cap,3.613854375,4.6980106875,1.3,3225.0,1.120575
lulesh_s10_n8_20260120_230454,lassen,power,frequency_scaling,,,,,,,,,,,,,,,,,,0.7,,,4608.0,frequency_scaling,3.3893967937499996,4.4062158318749995,1.3,3225.0,1.0509757499999999
lulesh_s10_n8_20260120_230454,lassen,power,job_packing,,,,,,,,,,,,,,,,,,0.7,,,4608.0,job_packing,3.493276605,4.541259586500001,1.3,3225.0,1.0831865441860467
lulesh_s10_n8_20260120_230454,frontier,adaptive_routing,minimal,3.50007188033641,24.993968047729165,2.0537238974358975e-05,0.00024133632,minimal,dragonfly,"d=4,a=2,p=4",all-to-all,0.002125888,,,,,,,,,,,,,,,,,,
lulesh_s10_n8_20260120_230454,frontier,adaptive_routing,ugal,4.000082148955897,24.993968047729165,2.0537238974358975e-05,0.00024133632,ugal,dragonfly,"d=4,a=2,p=4",all-to-all,0.002125888,,,,,,,,,,,,,,,,,,
lulesh_s10_n8_20260120_230454,frontier,adaptive_routing,valiant,5.000102686194872,24.993968047729165,2.0537238974358975e-05,0.00024133632,valiant,dragonfly,"d=4,a=2,p=4",all-to-all,0.002125888,,,,,,,,,,,,,,,,,,
lulesh_s10_n8_20260120_230454,frontier,node_placement,contiguous,,,,,,dragonfly,,,,contiguous,2125888.0,0.0,9472.0,,,,,,,,,,,,,,
lulesh_s10_n8_20260120_230454,frontier,node_placement,random,,,,,,dragonfly,,,,random,2125888.0,0.0,9472.0,,,,,,,,,,,,,,
lulesh_s10_n8_20260120_230454,frontier,node_placement,locality,,,,,,dragonfly,,,,locality,2125888.0,0.0,9472.0,,,,,,,,,,,,,,
lulesh_s10_n8_20260120_230454,frontier,node_placement,spectral,,,,,,dragonfly,,,,spectral,2125888.0,0.0,9472.0,,,,,,,,,,,,,,
lulesh_s10_n8_20260120_230454,frontier,scheduling,fcfs,,,,,,,,,,,,,,fcfs,1.0,2.0295899513416464,7306.5238248299265,0.0,0.0,0.0,9472.0,,,,,,
lulesh_s10_n8_20260120_230454,frontier,scheduling,backfill,,,,,,,,,,,,,,backfill,1.0,2.0295899513416464,7306.5238248299265,0.0,0.0,0.0,9472.0,,,,,,
lulesh_s10_n8_20260120_230454,frontier,scheduling,multitenant,,,,,,,,,,,,,,multitenant,3600.0,7306.523824829668,7306.523824829668,0.0,0.0,0.0,9472.0,,,,,,
lulesh_s10_n8_20260120_230454,frontier,power,baseline,,,,,,,,,,,,,,,,,,0.7,,,9472.0,baseline,12.574458,15.089349599999998,1.2,6630.0,1.8965999999999998
lulesh_s10_n8_20260120_230454,frontier,power,power_cap,,,,,,,,,,,,,,,,,,0.7,,,9472.0,power_cap,12.574458,15.089349599999998,1.2,6630.0,1.8965999999999998
lulesh_s10_n8_20260120_230454,frontier,power,frequency_scaling,,,,,,,,,,,,,,,,,,0.7,,,9472.0,frequency_scaling,11.706498179999997,14.047797815999996,1.2,6630.0,1.7656859999999996
lulesh_s10_n8_20260120_230454,frontier,power,job_packing,,,,,,,,,,,,,,,,,,0.7,,,9472.0,job_packing,12.2605054,14.712606479999998,1.2,6630.0,1.8492466666666667
lulesh_s10_n8_20260120_230654,lassen,adaptive_routing,minimal,3.6004167905280005,12.493969502756025,0.00011577514666666665,0.00048267264,minimal,fat-tree,k=4,all-to-all,0.002125888,,,,,,,,,,,,,,,,,,
lulesh_s10_n8_20260120_230654,lassen,adaptive_routing,ecmp,3.6004167905280005,12.493969502756025,0.00011577514666666665,0.00048267264,ecmp,fat-tree,k=4,all-to-all,0.002125888,,,,,,,,,,,,,,,,,,
lulesh_s10_n8_20260120_230654,lassen,node_placement,contiguous,,,,,,fat-tree,,,,contiguous,4251776.0,0.0,4608.0,,,,,,,,,,,,,,
lulesh_s10_n8_20260120_230654,lassen,node_placement,random,,,,,,fat-tree,,,,random,4251776.0,0.0,4608.0,,,,,,,,,,,,,,
lulesh_s10_n8_20260120_230654,lassen,node_placement,locality,,,,,,fat-tree,,,,locality,4251776.0,0.0,4608.0,,,,,,,,,,,,,,
lulesh_s10_n8_20260120_230654,lassen,node_placement,spectral,,,,,,fat-tree,,,,spectral,4251776.0,0.0,4608.0,,,,,,,,,,,,,,
lulesh_s10_n8_20260120_230654,lassen,scheduling,fcfs,,,,,,,,,,,,,,fcfs,1.0,0.7721016888888916,2779.56608000001,0.0,0.0,0.0,4608.0,,,,,,
lulesh_s10_n8_20260120_230654,lassen,scheduling,backfill,,,,,,,,,,,,,,backfill,1.0,0.7721016888888916,2779.56608000001,0.0,0.0,0.0,4608.0,,,,,,
lulesh_s10_n8_20260120_230654,lassen,scheduling,multitenant,,,,,,,,,,,,,,multitenant,3600.0,2779.566080000105,2779.566080000105,0.0,0.0,0.0,4608.0,,,,,,
lulesh_s10_n8_20260120_230654,lassen,power,baseline,,,,,,,,,,,,,,,,,,0.7,,,4608.0,baseline,3.613854375,4.6980106875,1.3,3225.0,1.120575
lulesh_s10_n8_20260120_230654,lassen,power,power_cap,,,,,,,,,,,,,,,,,,0.7,,,4608.0,power_cap,3.613854375,4.6980106875,1.3,3225.0,1.120575
lulesh_s10_n8_20260120_230654,lassen,power,frequency_scaling,,,,,,,,,,,,,,,,,,0.7,,,4608.0,frequency_scaling,3.3893967937499996,4.4062158318749995,1.3,3225.0,1.0509757499999999
lulesh_s10_n8_20260120_230654,lassen,power,job_packing,,,,,,,,,,,,,,,,,,0.7,,,4608.0,job_packing,3.493276605,4.541259586500001,1.3,3225.0,1.0831865441860467
lulesh_s10_n8_20260120_230654,frontier,adaptive_routing,minimal,3.50007188033641,24.993968047729165,2.0537238974358975e-05,0.00024133632,minimal,dragonfly,"d=4,a=2,p=4",all-to-all,0.002125888,,,,,,,,,,,,,,,,,,
lulesh_s10_n8_20260120_230654,frontier,adaptive_routing,ugal,4.000082148955897,24.993968047729165,2.0537238974358975e-05,0.00024133632,ugal,dragonfly,"d=4,a=2,p=4",all-to-all,0.002125888,,,,,,,,,,,,,,,,,,
lulesh_s10_n8_20260120_230654,frontier,adaptive_routing,valiant,5.000102686194872,24.993968047729165,2.0537238974358975e-05,0.00024133632,valiant,dragonfly,"d=4,a=2,p=4",all-to-all,0.002125888,,,,,,,,,,,,,,,,,,
lulesh_s10_n8_20260120_230654,frontier,node_placement,contiguous,,,,,,dragonfly,,,,contiguous,2125888.0,0.0,9472.0,,,,,,,,,,,,,,
lulesh_s10_n8_20260120_230654,frontier,node_placement,random,,,,,,dragonfly,,,,random,2125888.0,0.0,9472.0,,,,,,,,,,,,,,
lulesh_s10_n8_20260120_230654,frontier,node_placement,locality,,,,,,dragonfly,,,,locality,2125888.0,0.0,9472.0,,,,,,,,,,,,,,
lulesh_s10_n8_20260120_230654,frontier,node_placement,spectral,,,,,,dragonfly,,,,spectral,2125888.0,0.0,9472.0,,,,,,,,,,,,,,
lulesh_s10_n8_20260120_230654,frontier,scheduling,fcfs,,,,,,,,,,,,,,fcfs,1.0,2.0295899513416464,7306.5238248299265,0.0,0.0,0.0,9472.0,,,,,,
lulesh_s10_n8_20260120_230654,frontier,scheduling,backfill,,,,,,,,,,,,,,backfill,1.0,2.0295899513416464,7306.5238248299265,0.0,0.0,0.0,9472.0,,,,,,
lulesh_s10_n8_20260120_230654,frontier,scheduling,multitenant,,,,,,,,,,,,,,multitenant,3600.0,7306.523824829668,7306.523824829668,0.0,0.0,0.0,9472.0,,,,,,
lulesh_s10_n8_20260120_230654,frontier,power,baseline,,,,,,,,,,,,,,,,,,0.7,,,9472.0,baseline,12.574458,15.089349599999998,1.2,6630.0,1.8965999999999998
lulesh_s10_n8_20260120_230654,frontier,power,power_cap,,,,,,,,,,,,,,,,,,0.7,,,9472.0,power_cap,12.574458,15.089349599999998,1.2,6630.0,1.8965999999999998
lulesh_s10_n8_20260120_230654,frontier,power,frequency_scaling,,,,,,,,,,,,,,,,,,0.7,,,9472.0,frequency_scaling,11.706498179999997,14.047797815999996,1.2,6630.0,1.7656859999999996
lulesh_s10_n8_20260120_230654,frontier,power,job_packing,,,,,,,,,,,,,,,,,,0.7,,,9472.0,job_packing,12.2605054,14.712606479999998,1.2,6630.0,1.8492466666666667
lulesh_s10_n8_20260120_231003,lassen,adaptive_routing,minimal,3.6004167905280005,12.493969502756025,0.00011577514666666665,0.00048267264,minimal,fat-tree,k=4,all-to-all,0.002125888,,,,,,,,,,,,,,,,,,
lulesh_s10_n8_20260120_231003,lassen,adaptive_routing,ecmp,3.6004167905280005,12.493969502756025,0.00011577514666666665,0.00048267264,ecmp,fat-tree,k=4,all-to-all,0.002125888,,,,,,,,,,,,,,,,,,
lulesh_s10_n8_20260120_231003,lassen,node_placement,contiguous,,,,,,fat-tree,,,,contiguous,4251776.0,0.0,4608.0,,,,,,,,,,,,,,
lulesh_s10_n8_20260120_231003,lassen,node_placement,random,,,,,,fat-tree,,,,random,4251776.0,0.0,4608.0,,,,,,,,,,,,,,
lulesh_s10_n8_20260120_231003,lassen,node_placement,locality,,,,,,fat-tree,,,,locality,4251776.0,0.0,4608.0,,,,,,,,,,,,,,
lulesh_s10_n8_20260120_231003,lassen,node_placement,spectral,,,,,,fat-tree,,,,spectral,4251776.0,0.0,4608.0,,,,,,,,,,,,,,
lulesh_s10_n8_20260120_231003,lassen,scheduling,fcfs,,,,,,,,,,,,,,fcfs,1.0,0.7721016888888916,2779.56608000001,0.0,0.0,0.0,4608.0,,,,,,
lulesh_s10_n8_20260120_231003,lassen,scheduling,backfill,,,,,,,,,,,,,,backfill,1.0,0.7721016888888916,2779.56608000001,0.0,0.0,0.0,4608.0,,,,,,
lulesh_s10_n8_20260120_231003,lassen,scheduling,multitenant,,,,,,,,,,,,,,multitenant,3600.0,2779.566080000105,2779.566080000105,0.0,0.0,0.0,4608.0,,,,,,
lulesh_s10_n8_20260120_231003,lassen,power,baseline,,,,,,,,,,,,,,,,,,0.7,,,4608.0,baseline,3.613854375,4.6980106875,1.3,3225.0,1.120575
lulesh_s10_n8_20260120_231003,lassen,power,power_cap,,,,,,,,,,,,,,,,,,0.7,,,4608.0,power_cap,3.613854375,4.6980106875,1.3,3225.0,1.120575
lulesh_s10_n8_20260120_231003,lassen,power,frequency_scaling,,,,,,,,,,,,,,,,,,0.7,,,4608.0,frequency_scaling,3.3893967937499996,4.4062158318749995,1.3,3225.0,1.0509757499999999
lulesh_s10_n8_20260120_231003,lassen,power,job_packing,,,,,,,,,,,,,,,,,,0.7,,,4608.0,job_packing,3.493276605,4.541259586500001,1.3,3225.0,1.0831865441860467
lulesh_s10_n8_20260120_231003,frontier,adaptive_routing,minimal,3.50007188033641,24.993968047729165,2.0537238974358975e-05,0.00024133632,minimal,dragonfly,"d=4,a=2,p=4",all-to-all,0.002125888,,,,,,,,,,,,,,,,,,
lulesh_s10_n8_20260120_231003,frontier,adaptive_routing,ugal,4.000082148955897,24.993968047729165,2.0537238974358975e-05,0.00024133632,ugal,dragonfly,"d=4,a=2,p=4",all-to-all,0.002125888,,,,,,,,,,,,,,,,,,
lulesh_s10_n8_20260120_231003,frontier,adaptive_routing,valiant,5.000102686194872,24.993968047729165,2.0537238974358975e-05,0.00024133632,valiant,dragonfly,"d=4,a=2,p=4",all-to-all,0.002125888,,,,,,,,,,,,,,,,,,
lulesh_s10_n8_20260120_231003,frontier,node_placement,contiguous,,,,,,dragonfly,,,,contiguous,2125888.0,0.0,9472.0,,,,,,,,,,,,,,
lulesh_s10_n8_20260120_231003,frontier,node_placement,random,,,,,,dragonfly,,,,random,2125888.0,0.0,9472.0,,,,,,,,,,,,,,
lulesh_s10_n8_20260120_231003,frontier,node_placement,locality,,,,,,dragonfly,,,,locality,2125888.0,0.0,9472.0,,,,,,,,,,,,,,
lulesh_s10_n8_20260120_231003,frontier,node_placement,spectral,,,,,,dragonfly,,,,spectral,2125888.0,0.0,9472.0,,,,,,,,,,,,,,
lulesh_s10_n8_20260120_231003,frontier,scheduling,fcfs,,,,,,,,,,,,,,fcfs,1.0,2.0295899513416464,7306.5238248299265,0.0,0.0,0.0,9472.0,,,,,,
lulesh_s10_n8_20260120_231003,frontier,scheduling,backfill,,,,,,,,,,,,,,backfill,1.0,2.0295899513416464,7306.5238248299265,0.0,0.0,0.0,9472.0,,,,,,
lulesh_s10_n8_20260120_231003,frontier,scheduling,multitenant,,,,,,,,,,,,,,multitenant,3600.0,7306.523824829668,7306.523824829668,0.0,0.0,0.0,9472.0,,,,,,
lulesh_s10_n8_20260120_231003,frontier,power,baseline,,,,,,,,,,,,,,,,,,0.7,,,9472.0,baseline,12.574458,15.089349599999998,1.2,6630.0,1.8965999999999998
lulesh_s10_n8_20260120_231003,frontier,power,power_cap,,,,,,,,,,,,,,,,,,0.7,,,9472.0,power_cap,12.574458,15.089349599999998,1.2,6630.0,1.8965999999999998
lulesh_s10_n8_20260120_231003,frontier,power,frequency_scaling,,,,,,,,,,,,,,,,,,0.7,,,9472.0,frequency_scaling,11.706498179999997,14.047797815999996,1.2,6630.0,1.7656859999999996
lulesh_s10_n8_20260120_231003,frontier,power,job_packing,,,,,,,,,,,,,,,,,,0.7,,,9472.0,job_packing,12.2605054,14.712606479999998,1.2,6630.0,1.8492466666666667
lulesh_s20_n8_20260120_230237,lassen,adaptive_routing,minimal,3.601498134528,12.478775810590353,0.00041614847999999995,0.00170082304,minimal,fat-tree,k=4,all-to-all,0.007718848,,,,,,,,,,,,,,,,,,
lulesh_s20_n8_20260120_230237,lassen,adaptive_routing,ecmp,3.601498134528,12.478775810590353,0.00041614847999999995,0.00170082304,ecmp,fat-tree,k=4,all-to-all,0.007718848,,,,,,,,,,,,,,,,,,
lulesh_s20_n8_20260120_230237,lassen,node_placement,contiguous,,,,,,fat-tree,,,,contiguous,15437696.0,0.0,4608.0,,,,,,,,,,,,,,
lulesh_s20_n8_20260120_230237,lassen,node_placement,random,,,,,,fat-tree,,,,random,15437696.0,0.0,4608.0,,,,,,,,,,,,,,
lulesh_s20_n8_20260120_230237,lassen,node_placement,locality,,,,,,fat-tree,,,,locality,15437696.0,0.0,4608.0,,,,,,,,,,,,,,
lulesh_s20_n8_20260120_230237,lassen,node_placement,spectral,,,,,,fat-tree,,,,spectral,15437696.0,0.0,4608.0,,,,,,,,,,,,,,
lulesh_s20_n8_20260120_230237,lassen,scheduling,fcfs,,,,,,,,,,,,,,fcfs,1.0,0.7721016888888916,2779.56608000001,0.0,0.0,0.0,4608.0,,,,,,
lulesh_s20_n8_20260120_230237,lassen,scheduling,backfill,,,,,,,,,,,,,,backfill,1.0,0.7721016888888916,2779.56608000001,0.0,0.0,0.0,4608.0,,,,,,
lulesh_s20_n8_20260120_230237,lassen,scheduling,multitenant,,,,,,,,,,,,,,multitenant,3600.0,2779.566080000105,2779.566080000105,0.0,0.0,0.0,4608.0,,,,,,
lulesh_s20_n8_20260120_230237,lassen,power,baseline,,,,,,,,,,,,,,,,,,0.7,,,4608.0,baseline,3.613854375,4.6980106875,1.3,3225.0,1.120575
lulesh_s20_n8_20260120_230237,lassen,power,power_cap,,,,,,,,,,,,,,,,,,0.7,,,4608.0,power_cap,3.613854375,4.6980106875,1.3,3225.0,1.120575
lulesh_s20_n8_20260120_230237,lassen,power,frequency_scaling,,,,,,,,,,,,,,,,,,0.7,,,4608.0,frequency_scaling,3.3893967937499996,4.4062158318749995,1.3,3225.0,1.0509757499999999
lulesh_s20_n8_20260120_230237,lassen,power,job_packing,,,,,,,,,,,,,,,,,,0.7,,,4608.0,job_packing,3.493276605,4.541259586500001,1.3,3225.0,1.0831865441860467
lulesh_s20_n8_20260120_230237,frontier,adaptive_routing,minimal,3.500259828972308,24.97875777663146,7.423684923076923e-05,0.00085041152,minimal,dragonfly,"d=4,a=2,p=4",all-to-all,0.007718848,,,,,,,,,,,,,,,,,,
lulesh_s20_n8_20260120_230237,frontier,adaptive_routing,ugal,4.000296947396923,24.97875777663146,7.423684923076923e-05,0.00085041152,ugal,dragonfly,"d=4,a=2,p=4",all-to-all,0.007718848,,,,,,,,,,,,,,,,,,
lulesh_s20_n8_20260120_230237,frontier,adaptive_routing,valiant,5.000371184246154,24.97875777663146,7.423684923076923e-05,0.00085041152,valiant,dragonfly,"d=4,a=2,p=4",all-to-all,0.007718848,,,,,,,,,,,,,,,,,,
lulesh_s20_n8_20260120_230237,frontier,node_placement,contiguous,,,,,,dragonfly,,,,contiguous,7718848.0,0.0,9472.0,,,,,,,,,,,,,,
lulesh_s20_n8_20260120_230237,frontier,node_placement,random,,,,,,dragonfly,,,,random,7718848.0,0.0,9472.0,,,,,,,,,,,,,,
lulesh_s20_n8_20260120_230237,frontier,node_placement,locality,,,,,,dragonfly,,,,locality,7718848.0,0.0,9472.0,,,,,,,,,,,,,,
lulesh_s20_n8_20260120_230237,frontier,node_placement,spectral,,,,,,dragonfly,,,,spectral,7718848.0,0.0,9472.0,,,,,,,,,,,,,,
lulesh_s20_n8_20260120_230237,frontier,scheduling,fcfs,,,,,,,,,,,,,,fcfs,1.0,2.0295899513416464,7306.5238248299265,0.0,0.0,0.0,9472.0,,,,,,
lulesh_s20_n8_20260120_230237,frontier,scheduling,backfill,,,,,,,,,,,,,,backfill,1.0,2.0295899513416464,7306.5238248299265,0.0,0.0,0.0,9472.0,,,,,,
lulesh_s20_n8_20260120_230237,frontier,scheduling,multitenant,,,,,,,,,,,,,,multitenant,3600.0,7306.523824829668,7306.523824829668,0.0,0.0,0.0,9472.0,,,,,,
lulesh_s20_n8_20260120_230237,frontier,power,baseline,,,,,,,,,,,,,,,,,,0.7,,,9472.0,baseline,12.574458,15.089349599999998,1.2,6630.0,1.8965999999999998
lulesh_s20_n8_20260120_230237,frontier,power,power_cap,,,,,,,,,,,,,,,,,,0.7,,,9472.0,power_cap,12.574458,15.089349599999998,1.2,6630.0,1.8965999999999998
lulesh_s20_n8_20260120_230237,frontier,power,frequency_scaling,,,,,,,,,,,,,,,,,,0.7,,,9472.0,frequency_scaling,11.706498179999997,14.047797815999996,1.2,6630.0,1.7656859999999996
lulesh_s20_n8_20260120_230237,frontier,power,job_packing,,,,,,,,,,,,,,,,,,0.7,,,9472.0,job_packing,12.2605054,14.712606479999998,1.2,6630.0,1.8492466666666667
lulesh_s20_n8_20260120_230319,lassen,adaptive_routing,minimal,3.601498134528,12.478775810590353,0.00041614847999999995,0.00170082304,minimal,fat-tree,k=4,all-to-all,0.007718848,,,,,,,,,,,,,,,,,,
lulesh_s20_n8_20260120_230319,lassen,adaptive_routing,ecmp,3.601498134528,12.478775810590353,0.00041614847999999995,0.00170082304,ecmp,fat-tree,k=4,all-to-all,0.007718848,,,,,,,,,,,,,,,,,,
lulesh_s20_n8_20260120_230319,lassen,node_placement,contiguous,,,,,,fat-tree,,,,contiguous,15437696.0,0.0,4608.0,,,,,,,,,,,,,,
lulesh_s20_n8_20260120_230319,lassen,node_placement,random,,,,,,fat-tree,,,,random,15437696.0,0.0,4608.0,,,,,,,,,,,,,,
lulesh_s20_n8_20260120_230319,lassen,node_placement,locality,,,,,,fat-tree,,,,locality,15437696.0,0.0,4608.0,,,,,,,,,,,,,,
lulesh_s20_n8_20260120_230319,lassen,node_placement,spectral,,,,,,fat-tree,,,,spectral,15437696.0,0.0,4608.0,,,,,,,,,,,,,,
lulesh_s20_n8_20260120_230319,lassen,scheduling,fcfs,,,,,,,,,,,,,,fcfs,1.0,0.7721016888888916,2779.56608000001,0.0,0.0,0.0,4608.0,,,,,,
lulesh_s20_n8_20260120_230319,lassen,scheduling,backfill,,,,,,,,,,,,,,backfill,1.0,0.7721016888888916,2779.56608000001,0.0,0.0,0.0,4608.0,,,,,,
lulesh_s20_n8_20260120_230319,lassen,scheduling,multitenant,,,,,,,,,,,,,,multitenant,3600.0,2779.566080000105,2779.566080000105,0.0,0.0,0.0,4608.0,,,,,,
lulesh_s20_n8_20260120_230319,lassen,power,baseline,,,,,,,,,,,,,,,,,,0.7,,,4608.0,baseline,3.613854375,4.6980106875,1.3,3225.0,1.120575
lulesh_s20_n8_20260120_230319,lassen,power,power_cap,,,,,,,,,,,,,,,,,,0.7,,,4608.0,power_cap,3.613854375,4.6980106875,1.3,3225.0,1.120575
lulesh_s20_n8_20260120_230319,lassen,power,frequency_scaling,,,,,,,,,,,,,,,,,,0.7,,,4608.0,frequency_scaling,3.3893967937499996,4.4062158318749995,1.3,3225.0,1.0509757499999999
lulesh_s20_n8_20260120_230319,lassen,power,job_packing,,,,,,,,,,,,,,,,,,0.7,,,4608.0,job_packing,3.493276605,4.541259586500001,1.3,3225.0,1.0831865441860467
lulesh_s20_n8_20260120_230319,frontier,adaptive_routing,minimal,3.500259828972308,24.97875777663146,7.423684923076923e-05,0.00085041152,minimal,dragonfly,"d=4,a=2,p=4",all-to-all,0.007718848,,,,,,,,,,,,,,,,,,
lulesh_s20_n8_20260120_230319,frontier,adaptive_routing,ugal,4.000296947396923,24.97875777663146,7.423684923076923e-05,0.00085041152,ugal,dragonfly,"d=4,a=2,p=4",all-to-all,0.007718848,,,,,,,,,,,,,,,,,,
lulesh_s20_n8_20260120_230319,frontier,adaptive_routing,valiant,5.000371184246154,24.97875777663146,7.423684923076923e-05,0.00085041152,valiant,dragonfly,"d=4,a=2,p=4",all-to-all,0.007718848,,,,,,,,,,,,,,,,,,
lulesh_s20_n8_20260120_230319,frontier,node_placement,contiguous,,,,,,dragonfly,,,,contiguous,7718848.0,0.0,9472.0,,,,,,,,,,,,,,
lulesh_s20_n8_20260120_230319,frontier,node_placement,random,,,,,,dragonfly,,,,random,7718848.0,0.0,9472.0,,,,,,,,,,,,,,
lulesh_s20_n8_20260120_230319,frontier,node_placement,locality,,,,,,dragonfly,,,,locality,7718848.0,0.0,9472.0,,,,,,,,,,,,,,
lulesh_s20_n8_20260120_230319,frontier,node_placement,spectral,,,,,,dragonfly,,,,spectral,7718848.0,0.0,9472.0,,,,,,,,,,,,,,
lulesh_s20_n8_20260120_230319,frontier,scheduling,fcfs,,,,,,,,,,,,,,fcfs,1.0,2.0295899513416464,7306.5238248299265,0.0,0.0,0.0,9472.0,,,,,,
lulesh_s20_n8_20260120_230319,frontier,scheduling,backfill,,,,,,,,,,,,,,backfill,1.0,2.0295899513416464,7306.5238248299265,0.0,0.0,0.0,9472.0,,,,,,
lulesh_s20_n8_20260120_230319,frontier,scheduling,multitenant,,,,,,,,,,,,,,multitenant,3600.0,7306.523824829668,7306.523824829668,0.0,0.0,0.0,9472.0,,,,,,
lulesh_s20_n8_20260120_230319,frontier,power,baseline,,,,,,,,,,,,,,,,,,0.7,,,9472.0,baseline,12.574458,15.089349599999998,1.2,6630.0,1.8965999999999998
lulesh_s20_n8_20260120_230319,frontier,power,power_cap,,,,,,,,,,,,,,,,,,0.7,,,9472.0,power_cap,12.574458,15.089349599999998,1.2,6630.0,1.8965999999999998
lulesh_s20_n8_20260120_230319,frontier,power,frequency_scaling,,,,,,,,,,,,,,,,,,0.7,,,9472.0,frequency_scaling,11.706498179999997,14.047797815999996,1.2,6630.0,1.7656859999999996
lulesh_s20_n8_20260120_230319,frontier,power,job_packing,,,,,,,,,,,,,,,,,,0.7,,,9472.0,job_packing,12.2605054,14.712606479999998,1.2,6630.0,1.8492466666666667
lulesh_s20_n8_20260120_230454,lassen,adaptive_routing,minimal,3.601498134528,12.478775810590353,0.00041614847999999995,0.00170082304,minimal,fat-tree,k=4,all-to-all,0.007718848,,,,,,,,,,,,,,,,,,
lulesh_s20_n8_20260120_230454,lassen,adaptive_routing,ecmp,3.601498134528,12.478775810590353,0.00041614847999999995,0.00170082304,ecmp,fat-tree,k=4,all-to-all,0.007718848,,,,,,,,,,,,,,,,,,
lulesh_s20_n8_20260120_230454,lassen,node_placement,contiguous,,,,,,fat-tree,,,,contiguous,15437696.0,0.0,4608.0,,,,,,,,,,,,,,
lulesh_s20_n8_20260120_230454,lassen,node_placement,random,,,,,,fat-tree,,,,random,15437696.0,0.0,4608.0,,,,,,,,,,,,,,
lulesh_s20_n8_20260120_230454,lassen,node_placement,locality,,,,,,fat-tree,,,,locality,15437696.0,0.0,4608.0,,,,,,,,,,,,,,
lulesh_s20_n8_20260120_230454,lassen,node_placement,spectral,,,,,,fat-tree,,,,spectral,15437696.0,0.0,4608.0,,,,,,,,,,,,,,
lulesh_s20_n8_20260120_230454,lassen,scheduling,fcfs,,,,,,,,,,,,,,fcfs,1.0,0.7721016888888916,2779.56608000001,0.0,0.0,0.0,4608.0,,,,,,
lulesh_s20_n8_20260120_230454,lassen,scheduling,backfill,,,,,,,,,,,,,,backfill,1.0,0.7721016888888916,2779.56608000001,0.0,0.0,0.0,4608.0,,,,,,
lulesh_s20_n8_20260120_230454,lassen,scheduling,multitenant,,,,,,,,,,,,,,multitenant,3600.0,2779.566080000105,2779.566080000105,0.0,0.0,0.0,4608.0,,,,,,
lulesh_s20_n8_20260120_230454,lassen,power,baseline,,,,,,,,,,,,,,,,,,0.7,,,4608.0,baseline,3.613854375,4.6980106875,1.3,3225.0,1.120575
lulesh_s20_n8_20260120_230454,lassen,power,power_cap,,,,,,,,,,,,,,,,,,0.7,,,4608.0,power_cap,3.613854375,4.6980106875,1.3,3225.0,1.120575
lulesh_s20_n8_20260120_230454,lassen,power,frequency_scaling,,,,,,,,,,,,,,,,,,0.7,,,4608.0,frequency_scaling,3.3893967937499996,4.4062158318749995,1.3,3225.0,1.0509757499999999
lulesh_s20_n8_20260120_230454,lassen,power,job_packing,,,,,,,,,,,,,,,,,,0.7,,,4608.0,job_packing,3.493276605,4.541259586500001,1.3,3225.0,1.0831865441860467
lulesh_s20_n8_20260120_230454,frontier,adaptive_routing,minimal,3.500259828972308,24.97875777663146,7.423684923076923e-05,0.00085041152,minimal,dragonfly,"d=4,a=2,p=4",all-to-all,0.007718848,,,,,,,,,,,,,,,,,,
lulesh_s20_n8_20260120_230454,frontier,adaptive_routing,ugal,4.000296947396923,24.97875777663146,7.423684923076923e-05,0.00085041152,ugal,dragonfly,"d=4,a=2,p=4",all-to-all,0.007718848,,,,,,,,,,,,,,,,,,
lulesh_s20_n8_20260120_230454,frontier,adaptive_routing,valiant,5.000371184246154,24.97875777663146,7.423684923076923e-05,0.00085041152,valiant,dragonfly,"d=4,a=2,p=4",all-to-all,0.007718848,,,,,,,,,,,,,,,,,,
lulesh_s20_n8_20260120_230454,frontier,node_placement,contiguous,,,,,,dragonfly,,,,contiguous,7718848.0,0.0,9472.0,,,,,,,,,,,,,,
lulesh_s20_n8_20260120_230454,frontier,node_placement,random,,,,,,dragonfly,,,,random,7718848.0,0.0,9472.0,,,,,,,,,,,,,,
lulesh_s20_n8_20260120_230454,frontier,node_placement,locality,,,,,,dragonfly,,,,locality,7718848.0,0.0,9472.0,,,,,,,,,,,,,,
lulesh_s20_n8_20260120_230454,frontier,node_placement,spectral,,,,,,dragonfly,,,,spectral,7718848.0,0.0,9472.0,,,,,,,,,,,,,,
lulesh_s20_n8_20260120_230454,frontier,scheduling,fcfs,,,,,,,,,,,,,,fcfs,1.0,2.0295899513416464,7306.5238248299265,0.0,0.0,0.0,9472.0,,,,,,
lulesh_s20_n8_20260120_230454,frontier,scheduling,backfill,,,,,,,,,,,,,,backfill,1.0,2.0295899513416464,7306.5238248299265,0.0,0.0,0.0,9472.0,,,,,,
lulesh_s20_n8_20260120_230454,frontier,scheduling,multitenant,,,,,,,,,,,,,,multitenant,3600.0,7306.523824829668,7306.523824829668,0.0,0.0,0.0,9472.0,,,,,,
lulesh_s20_n8_20260120_230454,frontier,power,baseline,,,,,,,,,,,,,,,,,,0.7,,,9472.0,baseline,12.574458,15.089349599999998,1.2,6630.0,1.8965999999999998
lulesh_s20_n8_20260120_230454,frontier,power,power_cap,,,,,,,,,,,,,,,,,,0.7,,,9472.0,power_cap,12.574458,15.089349599999998,1.2,6630.0,1.8965999999999998
lulesh_s20_n8_20260120_230454,frontier,power,frequency_scaling,,,,,,,,,,,,,,,,,,0.7,,,9472.0,frequency_scaling,11.706498179999997,14.047797815999996,1.2,6630.0,1.7656859999999996
lulesh_s20_n8_20260120_230454,frontier,power,job_packing,,,,,,,,,,,,,,,,,,0.7,,,9472.0,job_packing,12.2605054,14.712606479999998,1.2,6630.0,1.8492466666666667
lulesh_s20_n8_20260120_230654,lassen,adaptive_routing,minimal,3.601498134528,12.478775810590353,0.00041614847999999995,0.00170082304,minimal,fat-tree,k=4,all-to-all,0.007718848,,,,,,,,,,,,,,,,,,
lulesh_s20_n8_20260120_230654,lassen,adaptive_routing,ecmp,3.601498134528,12.478775810590353,0.00041614847999999995,0.00170082304,ecmp,fat-tree,k=4,all-to-all,0.007718848,,,,,,,,,,,,,,,,,,
lulesh_s20_n8_20260120_230654,lassen,node_placement,contiguous,,,,,,fat-tree,,,,contiguous,15437696.0,0.0,4608.0,,,,,,,,,,,,,,
lulesh_s20_n8_20260120_230654,lassen,node_placement,random,,,,,,fat-tree,,,,random,15437696.0,0.0,4608.0,,,,,,,,,,,,,,
lulesh_s20_n8_20260120_230654,lassen,node_placement,locality,,,,,,fat-tree,,,,locality,15437696.0,0.0,4608.0,,,,,,,,,,,,,,
lulesh_s20_n8_20260120_230654,lassen,node_placement,spectral,,,,,,fat-tree,,,,spectral,15437696.0,0.0,4608.0,,,,,,,,,,,,,,
lulesh_s20_n8_20260120_230654,lassen,scheduling,fcfs,,,,,,,,,,,,,,fcfs,1.0,0.7721016888888916,2779.56608000001,0.0,0.0,0.0,4608.0,,,,,,
lulesh_s20_n8_20260120_230654,lassen,scheduling,backfill,,,,,,,,,,,,,,backfill,1.0,0.7721016888888916,2779.56608000001,0.0,0.0,0.0,4608.0,,,,,,
lulesh_s20_n8_20260120_230654,lassen,scheduling,multitenant,,,,,,,,,,,,,,multitenant,3600.0,2779.566080000105,2779.566080000105,0.0,0.0,0.0,4608.0,,,,,,
lulesh_s20_n8_20260120_230654,lassen,power,baseline,,,,,,,,,,,,,,,,,,0.7,,,4608.0,baseline,3.613854375,4.6980106875,1.3,3225.0,1.120575
lulesh_s20_n8_20260120_230654,lassen,power,power_cap,,,,,,,,,,,,,,,,,,0.7,,,4608.0,power_cap,3.613854375,4.6980106875,1.3,3225.0,1.120575
lulesh_s20_n8_20260120_230654,lassen,power,frequency_scaling,,,,,,,,,,,,,,,,,,0.7,,,4608.0,frequency_scaling,3.3893967937499996,4.4062158318749995,1.3,3225.0,1.0509757499999999
lulesh_s20_n8_20260120_230654,lassen,power,job_packing,,,,,,,,,,,,,,,,,,0.7,,,4608.0,job_packing,3.493276605,4.541259586500001,1.3,3225.0,1.0831865441860467
lulesh_s20_n8_20260120_230654,frontier,adaptive_routing,minimal,3.500259828972308,24.97875777663146,7.423684923076923e-05,0.00085041152,minimal,dragonfly,"d=4,a=2,p=4",all-to-all,0.007718848,,,,,,,,,,,,,,,,,,
lulesh_s20_n8_20260120_230654,frontier,adaptive_routing,ugal,4.000296947396923,24.97875777663146,7.423684923076923e-05,0.00085041152,ugal,dragonfly,"d=4,a=2,p=4",all-to-all,0.007718848,,,,,,,,,,,,,,,,,,
lulesh_s20_n8_20260120_230654,frontier,adaptive_routing,valiant,5.000371184246154,24.97875777663146,7.423684923076923e-05,0.00085041152,valiant,dragonfly,"d=4,a=2,p=4",all-to-all,0.007718848,,,,,,,,,,,,,,,,,,
lulesh_s20_n8_20260120_230654,frontier,node_placement,contiguous,,,,,,dragonfly,,,,contiguous,7718848.0,0.0,9472.0,,,,,,,,,,,,,,
lulesh_s20_n8_20260120_230654,frontier,node_placement,random,,,,,,dragonfly,,,,random,7718848.0,0.0,9472.0,,,,,,,,,,,,,,
lulesh_s20_n8_20260120_230654,frontier,node_placement,locality,,,,,,dragonfly,,,,locality,7718848.0,0.0,9472.0,,,,,,,,,,,,,,
lulesh_s20_n8_20260120_230654,frontier,node_placement,spectral,,,,,,dragonfly,,,,spectral,7718848.0,0.0,9472.0,,,,,,,,,,,,,,
lulesh_s20_n8_20260120_230654,frontier,scheduling,fcfs,,,,,,,,,,,,,,fcfs,1.0,2.0295899513416464,7306.5238248299265,0.0,0.0,0.0,9472.0,,,,,,
lulesh_s20_n8_20260120_230654,frontier,scheduling,backfill,,,,,,,,,,,,,,backfill,1.0,2.0295899513416464,7306.5238248299265,0.0,0.0,0.0,9472.0,,,,,,
lulesh_s20_n8_20260120_230654,frontier,scheduling,multitenant,,,,,,,,,,,,,,multitenant,3600.0,7306.523824829668,7306.523824829668,0.0,0.0,0.0,9472.0,,,,,,
lulesh_s20_n8_20260120_230654,frontier,power,baseline,,,,,,,,,,,,,,,,,,0.7,,,9472.0,baseline,12.574458,15.089349599999998,1.2,6630.0,1.8965999999999998
lulesh_s20_n8_20260120_230654,frontier,power,power_cap,,,,,,,,,,,,,,,,,,0.7,,,9472.0,power_cap,12.574458,15.089349599999998,1.2,6630.0,1.8965999999999998
lulesh_s20_n8_20260120_230654,frontier,power,frequency_scaling,,,,,,,,,,,,,,,,,,0.7,,,9472.0,frequency_scaling,11.706498179999997,14.047797815999996,1.2,6630.0,1.7656859999999996
lulesh_s20_n8_20260120_230654,frontier,power,job_packing,,,,,,,,,,,,,,,,,,0.7,,,9472.0,job_packing,12.2605054,14.712606479999998,1.2,6630.0,1.8492466666666667
lulesh_s20_n8_20260120_231003,lassen,adaptive_routing,minimal,3.601498134528,12.478775810590353,0.00041614847999999995,0.00170082304,minimal,fat-tree,k=4,all-to-all,0.007718848,,,,,,,,,,,,,,,,,,
lulesh_s20_n8_20260120_231003,lassen,adaptive_routing,ecmp,3.601498134528,12.478775810590353,0.00041614847999999995,0.00170082304,ecmp,fat-tree,k=4,all-to-all,0.007718848,,,,,,,,,,,,,,,,,,
lulesh_s20_n8_20260120_231003,lassen,node_placement,contiguous,,,,,,fat-tree,,,,contiguous,15437696.0,0.0,4608.0,,,,,,,,,,,,,,
lulesh_s20_n8_20260120_231003,lassen,node_placement,random,,,,,,fat-tree,,,,random,15437696.0,0.0,4608.0,,,,,,,,,,,,,,
lulesh_s20_n8_20260120_231003,lassen,node_placement,locality,,,,,,fat-tree,,,,locality,15437696.0,0.0,4608.0,,,,,,,,,,,,,,
lulesh_s20_n8_20260120_231003,lassen,node_placement,spectral,,,,,,fat-tree,,,,spectral,15437696.0,0.0,4608.0,,,,,,,,,,,,,,
lulesh_s20_n8_20260120_231003,lassen,scheduling,fcfs,,,,,,,,,,,,,,fcfs,1.0,0.7721016888888916,2779.56608000001,0.0,0.0,0.0,4608.0,,,,,,
lulesh_s20_n8_20260120_231003,lassen,scheduling,backfill,,,,,,,,,,,,,,backfill,1.0,0.7721016888888916,2779.56608000001,0.0,0.0,0.0,4608.0,,,,,,
lulesh_s20_n8_20260120_231003,lassen,scheduling,multitenant,,,,,,,,,,,,,,multitenant,3600.0,2779.566080000105,2779.566080000105,0.0,0.0,0.0,4608.0,,,,,,
lulesh_s20_n8_20260120_231003,lassen,power,baseline,,,,,,,,,,,,,,,,,,0.7,,,4608.0,baseline,3.613854375,4.6980106875,1.3,3225.0,1.120575
lulesh_s20_n8_20260120_231003,lassen,power,power_cap,,,,,,,,,,,,,,,,,,0.7,,,4608.0,power_cap,3.613854375,4.6980106875,1.3,3225.0,1.120575
lulesh_s20_n8_20260120_231003,lassen,power,frequency_scaling,,,,,,,,,,,,,,,,,,0.7,,,4608.0,frequency_scaling,3.3893967937499996,4.4062158318749995,1.3,3225.0,1.0509757499999999
lulesh_s20_n8_20260120_231003,lassen,power,job_packing,,,,,,,,,,,,,,,,,,0.7,,,4608.0,job_packing,3.493276605,4.541259586500001,1.3,3225.0,1.0831865441860467
lulesh_s20_n8_20260120_231003,frontier,adaptive_routing,minimal,3.500259828972308,24.97875777663146,7.423684923076923e-05,0.00085041152,minimal,dragonfly,"d=4,a=2,p=4",all-to-all,0.007718848,,,,,,,,,,,,,,,,,,
lulesh_s20_n8_20260120_231003,frontier,adaptive_routing,ugal,4.000296947396923,24.97875777663146,7.423684923076923e-05,0.00085041152,ugal,dragonfly,"d=4,a=2,p=4",all-to-all,0.007718848,,,,,,,,,,,,,,,,,,
lulesh_s20_n8_20260120_231003,frontier,adaptive_routing,valiant,5.000371184246154,24.97875777663146,7.423684923076923e-05,0.00085041152,valiant,dragonfly,"d=4,a=2,p=4",all-to-all,0.007718848,,,,,,,,,,,,,,,,,,
lulesh_s20_n8_20260120_231003,frontier,node_placement,contiguous,,,,,,dragonfly,,,,contiguous,7718848.0,0.0,9472.0,,,,,,,,,,,,,,
lulesh_s20_n8_20260120_231003,frontier,node_placement,random,,,,,,dragonfly,,,,random,7718848.0,0.0,9472.0,,,,,,,,,,,,,,
lulesh_s20_n8_20260120_231003,frontier,node_placement,locality,,,,,,dragonfly,,,,locality,7718848.0,0.0,9472.0,,,,,,,,,,,,,,
lulesh_s20_n8_20260120_231003,frontier,node_placement,spectral,,,,,,dragonfly,,,,spectral,7718848.0,0.0,9472.0,,,,,,,,,,,,,,
lulesh_s20_n8_20260120_231003,frontier,scheduling,fcfs,,,,,,,,,,,,,,fcfs,1.0,2.0295899513416464,7306.5238248299265,0.0,0.0,0.0,9472.0,,,,,,
lulesh_s20_n8_20260120_231003,frontier,scheduling,backfill,,,,,,,,,,,,,,backfill,1.0,2.0295899513416464,7306.5238248299265,0.0,0.0,0.0,9472.0,,,,,,
lulesh_s20_n8_20260120_231003,frontier,scheduling,multitenant,,,,,,,,,,,,,,multitenant,3600.0,7306.523824829668,7306.523824829668,0.0,0.0,0.0,9472.0,,,,,,
lulesh_s20_n8_20260120_231003,frontier,power,baseline,,,,,,,,,,,,,,,,,,0.7,,,9472.0,baseline,12.574458,15.089349599999998,1.2,6630.0,1.8965999999999998
lulesh_s20_n8_20260120_231003,frontier,power,power_cap,,,,,,,,,,,,,,,,,,0.7,,,9472.0,power_cap,12.574458,15.089349599999998,1.2,6630.0,1.8965999999999998
lulesh_s20_n8_20260120_231003,frontier,power,frequency_scaling,,,,,,,,,,,,,,,,,,0.7,,,9472.0,frequency_scaling,11.706498179999997,14.047797815999996,1.2,6630.0,1.7656859999999996
lulesh_s20_n8_20260120_231003,frontier,power,job_packing,,,,,,,,,,,,,,,,,,0.7,,,9472.0,job_packing,12.2605054,14.712606479999998,1.2,6630.0,1.8492466666666667
